tipo,score,name_sim,cat_sim,med_sim,est_sim,col_sim,mat_sim,fab_sim,cod_sim,des_sim,items_sim,precio_diff,precio_rel,costo_diff,costo_rel,id1,local1,nombre1,categoria1,medida1,estado1,color1,material1,fabricante1,codigo1,descripcion1,precio_venta1,precio_costo1,cantidad1,is_combo1,items_sig1,id2,local2,nombre2,categoria2,medida2,estado2,color2,material2,fabricante2,codigo2,descripcion2,precio_venta2,precio_costo2,cantidad2,is_combo2,items_sig2
combo,0.9993,1.0,1.0,1.0,1.0,1.0,1.0,1.0,1.0,1.0,0.9956,0.0,0.0,0.0,0.0,598,Longchamps,conjunto colchon gold jackard con pillow,conjuntos,2 1/2 plazas,Nuevo,,espuma,taurus,,,605000.00,0.00,0,1,"box|box|2 1 2 plazas|nuevo|negro|taurus:1,colchon gold jackard con pillow|colchones|2 1 2 plazas|nuevo||taurus:1",635,Vidriera,conjunto colchon gold jackard con pillow,conjuntos,2 1/2 plazas,Nuevo,,espuma,taurus,,,605000.00,0.00,0,1,"box|box|2 1 2 plazas|nuevo|negro|taurus:1,colchon gold jackard con pillow|colchones|2 1 2 plazas|nuevo||taururs:1"
producto,0.9944,0.9787,1.0,1.0,1.0,1.0,1.0,1.0,1.0,1.0,1.0,0.0,0.0,0.0,0.0,76,Estacion,colchon standard 17 alto,dormitorio,1 1/2 plaza,Nuevo,,espuma,taurus,,,105000.00,0.00,2,0,,220,Vidriera,colchon standard 17alto,dormitorio,1 1/2 plaza,Nuevo,,espuma,taurus,,,105000.00,0.00,2,0,
producto,0.9933,1.0,1.0,1.0,1.0,1.0,1.0,0.9231,1.0,1.0,1.0,0.0,0.0,0.0,0.0,160,Longchamps,colchon gold jackard con pillow,dormitorio,2 1/2 plazas,Nuevo,,espuma,taurus,,,480000.00,0.00,2,0,,240,Vidriera,colchon gold jackard con pillow,dormitorio,2 1/2 plazas,Nuevo,,espuma,taururs,,,480000.00,0.00,1,0,
producto,0.9923,0.9706,1.0,1.0,1.0,1.0,1.0,1.0,1.0,1.0,1.0,87000.0,0.1326,0.0,0.0,467,Longchamps,placard darkar 12 puertas de abrir,dormitorio,,Nuevo,avellana,melamina,mosconi,,,656000.00,0.00,1,0,,478,Longchamps,placard darkar 10 puertas de abrir,dormitorio,,Nuevo,avellana,melamina,mosconi,,,569000.00,0.00,1,0,
producto,0.9923,0.9706,1.0,1.0,1.0,1.0,1.0,1.0,1.0,1.0,1.0,87000.0,0.1326,0.0,0.0,468,Longchamps,placard darkar 12 puertas de abrir,dormitorio,,Nuevo,malta,melamina,mosconi,,,656000.00,0.00,1,0,,479,Longchamps,placard darkar 10 puertas de abrir,dormitorio,,Nuevo,malta,melamina,mosconi,,,569000.00,0.00,1,0,
producto,0.9921,0.9697,1.0,1.0,1.0,1.0,1.0,1.0,1.0,1.0,1.0,69000.0,0.1444,0.0,0.0,480,Longchamps,placard darkar 8 puertas de abrir,dormitorio,,Nuevo,malta,melamina,mosconi,,,478000.00,0.00,2,0,,483,Longchamps,placard darkar 6 puertas de abrir,dormitorio,,Nuevo,malta,melamina,mosconi,,,409000.00,0.00,1,0,
combo,0.9915,1.0,1.0,0.9091,1.0,1.0,1.0,1.0,1.0,1.0,0.9878,0.0,0.0,0.0,0.0,44,Estacion,combo quincho,jardin,"1,50m",Nuevo,,pino,ramon,,,115000.00,0.00,0,1,"banco plegable|bancos|1 50m|nuevo||ramon:2,mesa plegable|mesas|1 50m|nuevo||ramon:1",586,Vidriera,combo quincho,jardin,"1,50cm",Nuevo,,pino,ramon,,,115000.00,0.00,0,1,"banco plegable|bancos|1 50|nuevo||ramon:2,mesa plegable|mesas|1 50|nuevo||ramon:1"
combo,0.9915,1.0,1.0,0.9091,1.0,1.0,1.0,1.0,1.0,1.0,0.9878,0.0,0.0,0.0,0.0,191,Longchamps,combo quincho,jardin,"1,50m",Nuevo,,pino,ramon,,,115000.00,0.00,0,1,"banco plegable|bancos|1 50m|nuevo||ramon:2,mesa plegable|mesas|1 50m|nuevo||ramon:1",586,Vidriera,combo quincho,jardin,"1,50cm",Nuevo,,pino,ramon,,,115000.00,0.00,0,1,"banco plegable|bancos|1 50|nuevo||ramon:2,mesa plegable|mesas|1 50|nuevo||ramon:1"
combo,0.9904,0.9643,1.0,1.0,1.0,1.0,1.0,1.0,1.0,1.0,0.9889,0.0,0.0,0.0,0.0,599,Longchamps,conjunto colchones super lujo,conjuntos,1 plaza,Nuevo,,espuma,taurus,,,310000.00,0.00,0,1,"box|box|1 plaza|nuevo|negro|taurus:1,colchones super lujo|colchones|1 plaza|nuevo||taurus:1",623,Vidriera,conjunto colchon super lujo,conjuntos,1 plaza,Nuevo,,espuma,taurus,,,310000.00,0.00,0,1,"box|box|1 plaza|nuevo|negro|taurus:1,colchon super lujo|colchones|1 plaza|nuevo||taurus:1"
producto,0.9903,1.0,1.0,0.8889,1.0,1.0,1.0,1.0,1.0,1.0,1.0,0.0,0.0,0.0,0.0,123,Longchamps,banco plegable,comedor,"1,50m",Nuevo,,pino,ramon,,,31000.00,0.00,9,0,,313,Vidriera,banco plegable,comedor,"1,50",Nuevo,,pino,ramon,,,31000.00,0.00,2,0,
producto,0.9903,1.0,1.0,0.8889,1.0,1.0,1.0,1.0,1.0,1.0,1.0,0.0,0.0,0.0,0.0,42,Estacion,banco plegable,comedor,"1,50m",Nuevo,,pino,ramon,,,31000.00,0.00,2,0,,313,Vidriera,banco plegable,comedor,"1,50",Nuevo,,pino,ramon,,,31000.00,0.00,2,0,
producto,0.9903,1.0,1.0,0.8889,1.0,1.0,1.0,1.0,1.0,1.0,1.0,0.0,0.0,0.0,0.0,43,Estacion,mesa plegable,comedor,"1,50m",Nuevo,,pino,ramon,,,62000.00,0.00,1,0,,311,Vidriera,mesa plegable,comedor,"1,50",Nuevo,,pino,ramon,,,62000.00,0.00,1,0,
producto,0.9903,1.0,1.0,0.8889,1.0,1.0,1.0,1.0,1.0,1.0,1.0,0.0,0.0,0.0,0.0,122,Longchamps,mesa plegable,comedor,"1,50m",Nuevo,,pino,ramon,,,62000.00,0.00,3,0,,311,Vidriera,mesa plegable,comedor,"1,50",Nuevo,,pino,ramon,,,62000.00,0.00,1,0,
combo,0.9894,1.0,1.0,0.9231,1.0,1.0,0.9333,1.0,1.0,1.0,1.0,0.0,0.0,0.0,0.0,630,Vidriera,conjunto colchon equis,conjuntos,1 plaza,Nuevo,,resosrte,taurus,,,374000.00,0.00,0,1,"box|box|1 plaza|nuevo|negro|taurus:1,colchon equis|colchones|1 plaza|nuevo||taurus:1",613,Longchamps,conjunto colchon equis,conjuntos,1plaza,Nuevo,,resorte,taurus,,,374000.00,0.00,0,1,"box|box|1 plaza|nuevo|negro|taurus:1,colchon equis|colchones|1 plaza|nuevo||taurus:1"
combo,0.9894,1.0,1.0,0.9231,1.0,1.0,0.9333,1.0,1.0,1.0,1.0,0.0,0.0,0.0,0.0,630,Vidriera,conjunto colchon equis,conjuntos,1 plaza,Nuevo,,resosrte,taurus,,,374000.00,0.00,0,1,"box|box|1 plaza|nuevo|negro|taurus:1,colchon equis|colchones|1 plaza|nuevo||taurus:1",614,Vidriera,conjunto colchon equis,conjuntos,1plaza,Nuevo,,resorte,taurus,,,374000.00,0.00,0,1,"box|box|1 plaza|nuevo|negro|taurus:1,colchon equis|colchones|1 plaza|nuevo||taurus:1"
combo,0.9894,1.0,1.0,0.9231,1.0,1.0,0.9333,1.0,1.0,1.0,1.0,0.0,0.0,0.0,0.0,631,Longchamps,conjunto colchon equis,conjuntos,1 plaza,Nuevo,,resosrte,taurus,,,374000.00,0.00,0,1,"box|box|1 plaza|nuevo|negro|taurus:1,colchon equis|colchones|1 plaza|nuevo||taurus:1",613,Longchamps,conjunto colchon equis,conjuntos,1plaza,Nuevo,,resorte,taurus,,,374000.00,0.00,0,1,"box|box|1 plaza|nuevo|negro|taurus:1,colchon equis|colchones|1 plaza|nuevo||taurus:1"
combo,0.9894,1.0,1.0,0.9231,1.0,1.0,0.9333,1.0,1.0,1.0,1.0,0.0,0.0,0.0,0.0,631,Longchamps,conjunto colchon equis,conjuntos,1 plaza,Nuevo,,resosrte,taurus,,,374000.00,0.00,0,1,"box|box|1 plaza|nuevo|negro|taurus:1,colchon equis|colchones|1 plaza|nuevo||taurus:1",614,Vidriera,conjunto colchon equis,conjuntos,1plaza,Nuevo,,resorte,taurus,,,374000.00,0.00,0,1,"box|box|1 plaza|nuevo|negro|taurus:1,colchon equis|colchones|1 plaza|nuevo||taurus:1"
producto,0.9887,1.0,1.0,0.8696,1.0,1.0,1.0,1.0,1.0,1.0,1.0,60000.0,0.25,0.0,0.0,80,Estacion,colchon real,dormitorio,2 1/2 plazas,Nuevo,,espuma,taurus,,,240000.00,0.00,1,0,,222,Vidriera,colchon real,dormitorio,1 1/2 plaza,Nuevo,,espuma,taurus,,,180000.00,0.00,1,0,
producto,0.9887,1.0,1.0,0.8696,1.0,1.0,1.0,1.0,1.0,1.0,1.0,60000.0,0.25,0.0,0.0,232,Vidriera,colchon real,dormitorio,2 1/2 plazas,Nuevo,,espuma,taurus,,,240000.00,0.00,1,0,,222,Vidriera,colchon real,dormitorio,1 1/2 plaza,Nuevo,,espuma,taurus,,,180000.00,0.00,1,0,
producto,0.9887,0.9565,1.0,1.0,1.0,1.0,1.0,1.0,1.0,1.0,1.0,0.0,0.0,0.0,0.0,98,Longchamps,colchon estandar 13alto,dormitorio,1 plaza,Nuevo,,espuma,taurus,,,65000.00,0.00,1,0,,65,Estacion,colchon standard 13alto,dormitorio,1 plaza,Nuevo,,espuma,taurus,,,65000.00,0.00,3,0,
producto,0.9887,0.9565,1.0,1.0,1.0,1.0,1.0,1.0,1.0,1.0,1.0,0.0,0.0,0.0,0.0,98,Longchamps,colchon estandar 13alto,dormitorio,1 plaza,Nuevo,,espuma,taurus,,,65000.00,0.00,1,0,,207,Vidriera,colchon standard 13alto,dormitorio,1 plaza,Nuevo,,espuma,taurus,,,65000.00,0.00,2,0,
producto,0.9887,0.9565,1.0,1.0,1.0,1.0,1.0,1.0,1.0,1.0,1.0,14000.0,0.1772,0.0,0.0,209,Vidriera,colchon standard 17alto,dormitorio,1 plaza,Nuevo,,espuma,taurus,,,79000.00,0.00,1,0,,65,Estacion,colchon standard 13alto,dormitorio,1 plaza,Nuevo,,espuma,taurus,,,65000.00,0.00,3,0,
producto,0.9887,0.9565,1.0,1.0,1.0,1.0,1.0,1.0,1.0,1.0,1.0,14000.0,0.1772,0.0,0.0,209,Vidriera,colchon standard 17alto,dormitorio,1 plaza,Nuevo,,espuma,taurus,,,79000.00,0.00,1,0,,207,Vidriera,colchon standard 13alto,dormitorio,1 plaza,Nuevo,,espuma,taurus,,,65000.00,0.00,2,0,
producto,0.9887,0.9565,1.0,1.0,1.0,1.0,1.0,1.0,1.0,1.0,1.0,14000.0,0.1772,0.0,0.0,66,Estacion,colchon standard 17alto,dormitorio,1 plaza,Nuevo,,espuma,taurus,,,79000.00,0.00,1,0,,65,Estacion,colchon standard 13alto,dormitorio,1 plaza,Nuevo,,espuma,taurus,,,65000.00,0.00,3,0,
producto,0.9887,0.9565,1.0,1.0,1.0,1.0,1.0,1.0,1.0,1.0,1.0,14000.0,0.1772,0.0,0.0,66,Estacion,colchon standard 17alto,dormitorio,1 plaza,Nuevo,,espuma,taurus,,,79000.00,0.00,1,0,,207,Vidriera,colchon standard 13alto,dormitorio,1 plaza,Nuevo,,espuma,taurus,,,65000.00,0.00,2,0,
producto,0.9887,1.0,1.0,0.8696,1.0,1.0,1.0,1.0,1.0,1.0,1.0,70000.0,0.2222,0.0,0.0,115,Longchamps,colchon super lujo,dormitorio,2 1/2 plazas,Nuevo,,espuma,taurus,,,315000.00,0.00,7,0,,226,Vidriera,colchon super lujo,dormitorio,1 1/2 plaza,Nuevo,,espuma,taurus,,,245000.00,0.00,1,0,
producto,0.9887,1.0,1.0,0.8696,1.0,1.0,1.0,1.0,1.0,1.0,1.0,70000.0,0.2222,0.0,0.0,82,Estacion,colchon super lujo,dormitorio,2 1/2 plazas,Nuevo,,espuma,taurus,,,315000.00,0.00,1,0,,226,Vidriera,colchon super lujo,dormitorio,1 1/2 plaza,Nuevo,,espuma,taurus,,,245000.00,0.00,1,0,
producto,0.9887,1.0,1.0,0.8696,1.0,1.0,1.0,1.0,1.0,1.0,1.0,70000.0,0.2222,0.0,0.0,236,Vidriera,colchon super lujo,dormitorio,2 1/2 plazas,Nuevo,,espuma,taurus,,,315000.00,0.00,1,0,,226,Vidriera,colchon super lujo,dormitorio,1 1/2 plaza,Nuevo,,espuma,taurus,,,245000.00,0.00,1,0,
producto,0.9887,1.0,1.0,0.8696,1.0,1.0,1.0,1.0,1.0,1.0,1.0,70000.0,0.2222,0.0,0.0,114,Longchamps,colchon palace sin pillow,dormitorio,2 1/2 plazas,Nuevo,,resorte,taurus,,,315000.00,0.00,1,0,,107,Longchamps,colchon palace sin pillow,dormitorio,1 1/2 plaza,Nuevo,,resorte,taurus,,,245000.00,0.00,1,0,
producto,0.9887,1.0,1.0,0.8696,1.0,1.0,1.0,1.0,1.0,1.0,1.0,70000.0,0.2222,0.0,0.0,114,Longchamps,colchon palace sin pillow,dormitorio,2 1/2 plazas,Nuevo,,resorte,taurus,,,315000.00,0.00,1,0,,224,Vidriera,colchon palace sin pillow,dormitorio,1 1/2 plaza,Nuevo,,resorte,taurus,,,245000.00,0.00,1,0,
producto,0.9887,1.0,1.0,0.8696,1.0,1.0,1.0,1.0,1.0,1.0,1.0,70000.0,0.2222,0.0,0.0,107,Longchamps,colchon palace sin pillow,dormitorio,1 1/2 plaza,Nuevo,,resorte,taurus,,,245000.00,0.00,1,0,,234,Vidriera,colchon palace sin pillow,dormitorio,2 1/2 plazas,Nuevo,,resorte,taurus,,,315000.00,0.00,2,0,
producto,0.9887,1.0,1.0,0.8696,1.0,1.0,1.0,1.0,1.0,1.0,1.0,70000.0,0.2222,0.0,0.0,224,Vidriera,colchon palace sin pillow,dormitorio,1 1/2 plaza,Nuevo,,resorte,taurus,,,245000.00,0.00,1,0,,234,Vidriera,colchon palace sin pillow,dormitorio,2 1/2 plazas,Nuevo,,resorte,taurus,,,315000.00,0.00,2,0,
producto,0.9887,1.0,1.0,0.8696,1.0,1.0,1.0,1.0,1.0,1.0,1.0,100000.0,0.2439,0.0,0.0,228,Vidriera,colchon gold jackard,dormitorio,1 1/2 plaza,Nuevo,,espuma,taurus,,,310000.00,0.00,1,0,,238,Vidriera,colchon gold jackard,dormitorio,2 1/2 plazas,Nuevo,,espuma,taurus,,,410000.00,0.00,1,0,
producto,0.9887,1.0,1.0,0.8696,1.0,1.0,1.0,1.0,1.0,1.0,1.0,18000.0,0.1132,0.0,0.0,95,Longchamps,box,dormitorio,1 1/2 plaza,Nuevo,negro,chenille,taurus,,,141000.00,0.00,2,0,,256,Vidriera,box,dormitorio,2 1/2 plazas,Nuevo,negro,chenille,taurus,,,159000.00,0.00,1,0,
producto,0.9887,1.0,1.0,0.8696,1.0,1.0,1.0,1.0,1.0,1.0,1.0,18000.0,0.1132,0.0,0.0,95,Longchamps,box,dormitorio,1 1/2 plaza,Nuevo,negro,chenille,taurus,,,141000.00,0.00,2,0,,96,Longchamps,box,dormitorio,2 1/2 plazas,Nuevo,negro,chenille,taurus,,,159000.00,0.00,26,0,
producto,0.9887,1.0,1.0,0.8696,1.0,1.0,1.0,1.0,1.0,1.0,1.0,18000.0,0.1132,0.0,0.0,256,Vidriera,box,dormitorio,2 1/2 plazas,Nuevo,negro,chenille,taurus,,,159000.00,0.00,1,0,,229,Vidriera,box,dormitorio,1 1/2 plaza,Nuevo,negro,chenille,taurus,,,141000.00,0.00,0,0,
producto,0.9887,1.0,1.0,0.8696,1.0,1.0,1.0,1.0,1.0,1.0,1.0,18000.0,0.1132,0.0,0.0,256,Vidriera,box,dormitorio,2 1/2 plazas,Nuevo,negro,chenille,taurus,,,159000.00,0.00,1,0,,78,Estacion,box,dormitorio,1 1/2 plaza,Nuevo,negro,chenille,taurus,,,141000.00,0.00,1,0,
producto,0.9887,1.0,1.0,0.8696,1.0,1.0,1.0,1.0,1.0,1.0,1.0,18000.0,0.1132,0.0,0.0,229,Vidriera,box,dormitorio,1 1/2 plaza,Nuevo,negro,chenille,taurus,,,141000.00,0.00,0,0,,96,Longchamps,box,dormitorio,2 1/2 plazas,Nuevo,negro,chenille,taurus,,,159000.00,0.00,26,0,
producto,0.9887,1.0,1.0,0.8696,1.0,1.0,1.0,1.0,1.0,1.0,1.0,18000.0,0.1132,0.0,0.0,78,Estacion,box,dormitorio,1 1/2 plaza,Nuevo,negro,chenille,taurus,,,141000.00,0.00,1,0,,96,Longchamps,box,dormitorio,2 1/2 plazas,Nuevo,negro,chenille,taurus,,,159000.00,0.00,26,0,
producto,0.9883,0.9552,1.0,1.0,1.0,1.0,1.0,1.0,1.0,1.0,1.0,178000.0,0.2713,0.0,0.0,467,Longchamps,placard darkar 12 puertas de abrir,dormitorio,,Nuevo,avellana,melamina,mosconi,,,656000.00,0.00,1,0,,481,Longchamps,placard darkar 8 puertas de abrir,dormitorio,,Nuevo,avellana,melamina,mosconi,,,478000.00,0.00,1,0,
producto,0.9883,0.9552,1.0,1.0,1.0,1.0,1.0,1.0,1.0,1.0,1.0,91000.0,0.1599,0.0,0.0,478,Longchamps,placard darkar 10 puertas de abrir,dormitorio,,Nuevo,avellana,melamina,mosconi,,,569000.00,0.00,1,0,,481,Longchamps,placard darkar 8 puertas de abrir,dormitorio,,Nuevo,avellana,melamina,mosconi,,,478000.00,0.00,1,0,
producto,0.9883,0.9552,1.0,1.0,1.0,1.0,1.0,1.0,1.0,1.0,1.0,87000.0,0.1326,0.0,0.0,469,Longchamps,placard darkar 12 puertas de abrir,dormitorio,,Nuevo,venezia,melamina,mosconi,,,656000.00,0.00,1,0,,477,Longchamps,placard dakar 10 puertas de abrir,dormitorio,,Nuevo,venezia,melamina,mosconi,,,569000.00,0.00,2,0,
producto,0.9883,0.9552,1.0,1.0,1.0,1.0,1.0,1.0,1.0,1.0,1.0,178000.0,0.2713,0.0,0.0,480,Longchamps,placard darkar 8 puertas de abrir,dormitorio,,Nuevo,malta,melamina,mosconi,,,478000.00,0.00,2,0,,468,Longchamps,placard darkar 12 puertas de abrir,dormitorio,,Nuevo,malta,melamina,mosconi,,,656000.00,0.00,1,0,
producto,0.9883,0.9552,1.0,1.0,1.0,1.0,1.0,1.0,1.0,1.0,1.0,91000.0,0.1599,0.0,0.0,480,Longchamps,placard darkar 8 puertas de abrir,dormitorio,,Nuevo,malta,melamina,mosconi,,,478000.00,0.00,2,0,,479,Longchamps,placard darkar 10 puertas de abrir,dormitorio,,Nuevo,malta,melamina,mosconi,,,569000.00,0.00,1,0,
producto,0.9883,0.9552,1.0,1.0,1.0,1.0,1.0,1.0,1.0,1.0,1.0,247000.0,0.3765,0.0,0.0,468,Longchamps,placard darkar 12 puertas de abrir,dormitorio,,Nuevo,malta,melamina,mosconi,,,656000.00,0.00,1,0,,483,Longchamps,placard darkar 6 puertas de abrir,dormitorio,,Nuevo,malta,melamina,mosconi,,,409000.00,0.00,1,0,
producto,0.9883,0.9552,1.0,1.0,1.0,1.0,1.0,1.0,1.0,1.0,1.0,160000.0,0.2812,0.0,0.0,479,Longchamps,placard darkar 10 puertas de abrir,dormitorio,,Nuevo,malta,melamina,mosconi,,,569000.00,0.00,1,0,,483,Longchamps,placard darkar 6 puertas de abrir,dormitorio,,Nuevo,malta,melamina,mosconi,,,409000.00,0.00,1,0,
producto,0.987,0.95,1.0,1.0,1.0,1.0,1.0,1.0,1.0,1.0,1.0,144000.0,0.4768,0.0,0.0,487,Longchamps,placard millenium 22,dormitorio,,Nuevo,bambu,melamina,mosconi,,,158000.00,0.00,1,0,,202,Longchamps,placard millenium 24,dormitorio,,Nuevo,bambu,melamina,mosconi,,,302000.00,0.00,1,0,
producto,0.987,0.95,1.0,1.0,1.0,1.0,1.0,1.0,1.0,1.0,1.0,64100.0,0.2886,0.0,0.0,487,Longchamps,placard millenium 22,dormitorio,,Nuevo,bambu,melamina,mosconi,,,158000.00,0.00,1,0,,486,Longchamps,placard millenium 23,dormitorio,,Nuevo,bambu,melamina,mosconi,,,222100.00,0.00,2,0,
producto,0.987,0.95,1.0,1.0,1.0,1.0,1.0,1.0,1.0,1.0,1.0,251000.0,0.6137,0.0,0.0,487,Longchamps,placard millenium 22,dormitorio,,Nuevo,bambu,melamina,mosconi,,,158000.00,0.00,1,0,,491,Longchamps,placard millenium 26,dormitorio,,Nuevo,bambu,melamina,mosconi,,,409000.00,0.00,1,0,
producto,0.987,0.95,1.0,1.0,1.0,1.0,1.0,1.0,1.0,1.0,1.0,79900.0,0.2646,0.0,0.0,202,Longchamps,placard millenium 24,dormitorio,,Nuevo,bambu,melamina,mosconi,,,302000.00,0.00,1,0,,486,Longchamps,placard millenium 23,dormitorio,,Nuevo,bambu,melamina,mosconi,,,222100.00,0.00,2,0,
producto,0.987,0.95,1.0,1.0,1.0,1.0,1.0,1.0,1.0,1.0,1.0,107000.0,0.2616,0.0,0.0,202,Longchamps,placard millenium 24,dormitorio,,Nuevo,bambu,melamina,mosconi,,,302000.00,0.00,1,0,,491,Longchamps,placard millenium 26,dormitorio,,Nuevo,bambu,melamina,mosconi,,,409000.00,0.00,1,0,
producto,0.987,0.95,1.0,1.0,1.0,1.0,1.0,1.0,1.0,1.0,1.0,186900.0,0.457,0.0,0.0,486,Longchamps,placard millenium 23,dormitorio,,Nuevo,bambu,melamina,mosconi,,,222100.00,0.00,2,0,,491,Longchamps,placard millenium 26,dormitorio,,Nuevo,bambu,melamina,mosconi,,,409000.00,0.00,1,0,
producto,0.987,0.95,1.0,1.0,1.0,1.0,1.0,1.0,1.0,1.0,1.0,107000.0,0.2616,0.0,0.0,203,Longchamps,placard millenium 24,dormitorio,,Nuevo,blanco,melamina,mosconi,,,302000.00,0.00,1,0,,489,Longchamps,placard millenium 26,dormitorio,,Nuevo,blanco,melamina,mosconi,,,409000.00,0.00,1,0,
producto,0.987,0.95,1.0,1.0,1.0,1.0,1.0,1.0,1.0,1.0,1.0,144000.0,0.4768,0.0,0.0,203,Longchamps,placard millenium 24,dormitorio,,Nuevo,blanco,melamina,mosconi,,,302000.00,0.00,1,0,,496,Longchamps,placard millenium 22,dormitorio,,Nuevo,blanco,melamina,mosconi,,,158000.00,0.00,1,0,
producto,0.987,0.95,1.0,1.0,1.0,1.0,1.0,1.0,1.0,1.0,1.0,251000.0,0.6137,0.0,0.0,489,Longchamps,placard millenium 26,dormitorio,,Nuevo,blanco,melamina,mosconi,,,409000.00,0.00,1,0,,496,Longchamps,placard millenium 22,dormitorio,,Nuevo,blanco,melamina,mosconi,,,158000.00,0.00,1,0,
producto,0.987,0.95,1.0,1.0,1.0,1.0,1.0,1.0,1.0,1.0,1.0,186900.0,0.457,0.0,0.0,485,Longchamps,placard millenium 23,dormitorio,,Nuevo,green,melamina,mosconi,,,222100.00,0.00,3,0,,488,Longchamps,placard millenium 26,dormitorio,,Nuevo,green,melamina,mosconi,,,409000.00,0.00,1,0,
producto,0.9863,0.9474,1.0,1.0,1.0,1.0,1.0,1.0,1.0,1.0,1.0,118000.0,0.5175,0.0,0.0,197,Longchamps,tobogan 4 escalones,infantil,,Nuevo,rosa,plastico,,,,228000.00,0.00,1,0,,382,Vidriera,tobogan 2 escalones,infantil,,Nuevo,rosa,plastico,,,,110000.00,0.00,1,0,
producto,0.9863,0.9474,1.0,1.0,1.0,1.0,1.0,1.0,1.0,1.0,1.0,14000.0,0.0579,0.0,0.0,874,Longchamps,tobogan 5 escalones,infantil,,Nuevo,amarillo,plastico,,,,242000.00,0.00,4,0,,876,Longchamps,tobogan 4 escalones,infantil,,Nuevo,amarillo,plastico,,,,228000.00,0.00,1,0,
producto,0.9863,0.9474,1.0,1.0,1.0,1.0,1.0,1.0,1.0,1.0,1.0,14000.0,0.0579,0.0,0.0,875,Longchamps,tobogan 5 escalones,infantil,,Nuevo,verde,plastico,,,,242000.00,0.00,1,0,,878,Longchamps,tobogan 4 escalones,infantil,,Nuevo,verde,plastico,,,,228000.00,0.00,1,0,
producto,0.9863,0.9796,1.0,1.0,1.0,1.0,1.0,0.9032,1.0,1.0,1.0,0.0,0.0,0.0,0.0,294,Vidriera,silla abby doble respaldo,dormitorio,,Nuevo,,caño,seleccion muebles,,,100000.00,0.00,6,0,,683,Longchamps,silla aby doble respaldo,dormitorio,,Nuevo,,caño,seccion mueble,,,100000.00,0.00,12,0,
combo,0.986,0.95,1.0,1.0,1.0,1.0,1.0,1.0,1.0,1.0,0.9804,45000.0,0.1084,0.0,0.0,593,Longchamps,conjunto colchon gold jackard con pillow,conjuntos,1 plaza,Nuevo,,espuma,taurus,,,415000.00,0.00,0,1,"box|box|1 plaza|nuevo|negro|taurus:1,colchon gold jackard con pillow|colchones|1 plaza|nuevo||taurus:1",594,Longchamps,conjunto colchon gold jackard sin pillow,conjuntos,1 plaza,Nuevo,,espuma,taurus,,,370000.00,0.00,0,1,"box|box|1 plaza|nuevo|negro|taurus:1,colchon gold jackard sin pillow|colchones|1 plaza|nuevo||taurus:1"
producto,0.9855,0.9444,1.0,1.0,1.0,1.0,1.0,1.0,1.0,1.0,1.0,16000.0,0.2319,0.0,0.0,68,Estacion,colchon eco 17alto,dormitorio,1 plaza,Nuevo,,espuma,taurus,,,69000.00,0.00,1,0,,97,Longchamps,colchon eco 13alto,dormitorio,1 plaza,Nuevo,,espuma,taurus,,,53000.00,0.00,6,0,
producto,0.9855,0.9444,1.0,1.0,1.0,1.0,1.0,1.0,1.0,1.0,1.0,16000.0,0.2319,0.0,0.0,68,Estacion,colchon eco 17alto,dormitorio,1 plaza,Nuevo,,espuma,taurus,,,69000.00,0.00,1,0,,67,Estacion,colchon eco 13alto,dormitorio,1 plaza,Nuevo,,espuma,taurus,,,53000.00,0.00,1,0,
producto,0.9855,0.9444,1.0,1.0,1.0,1.0,1.0,1.0,1.0,1.0,1.0,16000.0,0.2319,0.0,0.0,68,Estacion,colchon eco 17alto,dormitorio,1 plaza,Nuevo,,espuma,taurus,,,69000.00,0.00,1,0,,205,Vidriera,colchon eco 13alto,dormitorio,1 plaza,Nuevo,,espuma,taurus,,,53000.00,0.00,3,0,
producto,0.9855,0.9444,1.0,1.0,1.0,1.0,1.0,1.0,1.0,1.0,1.0,16000.0,0.2319,0.0,0.0,97,Longchamps,colchon eco 13alto,dormitorio,1 plaza,Nuevo,,espuma,taurus,,,53000.00,0.00,6,0,,206,Vidriera,colchon eco 17alto,dormitorio,1 plaza,Nuevo,,espuma,taurus,,,69000.00,0.00,1,0,
producto,0.9855,0.9444,1.0,1.0,1.0,1.0,1.0,1.0,1.0,1.0,1.0,16000.0,0.2319,0.0,0.0,206,Vidriera,colchon eco 17alto,dormitorio,1 plaza,Nuevo,,espuma,taurus,,,69000.00,0.00,1,0,,67,Estacion,colchon eco 13alto,dormitorio,1 plaza,Nuevo,,espuma,taurus,,,53000.00,0.00,1,0,
producto,0.9855,0.9444,1.0,1.0,1.0,1.0,1.0,1.0,1.0,1.0,1.0,16000.0,0.2319,0.0,0.0,206,Vidriera,colchon eco 17alto,dormitorio,1 plaza,Nuevo,,espuma,taurus,,,69000.00,0.00,1,0,,205,Vidriera,colchon eco 13alto,dormitorio,1 plaza,Nuevo,,espuma,taurus,,,53000.00,0.00,3,0,
producto,0.9855,0.9444,1.0,1.0,1.0,1.0,1.0,1.0,1.0,1.0,1.0,6000.0,0.0923,0.0,0.0,56,Estacion,cajonera 6 cajones,dormitorio,,Nuevo,,pino,ramon,,,59000.00,0.00,1,0,,22,Estacion,cajonera 7 cajones,dormitorio,,Nuevo,,pino,ramon,,,65000.00,0.00,1,0,
producto,0.9855,0.9444,1.0,1.0,1.0,1.0,1.0,1.0,1.0,1.0,1.0,7000.0,0.1186,0.0,0.0,56,Estacion,cajonera 6 cajones,dormitorio,,Nuevo,,pino,ramon,,,59000.00,0.00,1,0,,136,Longchamps,cajonera 5 cajones,dormitorio,,Nuevo,,pino,ramon,,,52000.00,0.00,5,0,
producto,0.9855,0.9444,1.0,1.0,1.0,1.0,1.0,1.0,1.0,1.0,1.0,6000.0,0.0923,0.0,0.0,56,Estacion,cajonera 6 cajones,dormitorio,,Nuevo,,pino,ramon,,,59000.00,0.00,1,0,,138,Longchamps,cajonera 7 cajones,dormitorio,,Nuevo,,pino,ramon,,,65000.00,0.00,3,0,
producto,0.9855,0.9444,1.0,1.0,1.0,1.0,1.0,1.0,1.0,1.0,1.0,6000.0,0.0923,0.0,0.0,56,Estacion,cajonera 6 cajones,dormitorio,,Nuevo,,pino,ramon,,,59000.00,0.00,1,0,,375,Vidriera,cajonera 7 cajones,dormitorio,,Nuevo,,pino,ramon,,,65000.00,0.00,1,0,
producto,0.9855,0.9444,1.0,1.0,1.0,1.0,1.0,1.0,1.0,1.0,1.0,7000.0,0.1186,0.0,0.0,56,Estacion,cajonera 6 cajones,dormitorio,,Nuevo,,pino,ramon,,,59000.00,0.00,1,0,,376,Vidriera,cajonera 5 cajones,dormitorio,,Nuevo,,pino,ramon,,,52000.00,0.00,1,0,
producto,0.9855,0.9444,1.0,1.0,1.0,1.0,1.0,1.0,1.0,1.0,1.0,6000.0,0.0923,0.0,0.0,22,Estacion,cajonera 7 cajones,dormitorio,,Nuevo,,pino,ramon,,,65000.00,0.00,1,0,,137,Longchamps,cajonera 6 cajones,dormitorio,,Nuevo,,pino,ramon,,,59000.00,0.00,5,0,
producto,0.9855,0.9444,1.0,1.0,1.0,1.0,1.0,1.0,1.0,1.0,1.0,13000.0,0.2,0.0,0.0,22,Estacion,cajonera 7 cajones,dormitorio,,Nuevo,,pino,ramon,,,65000.00,0.00,1,0,,136,Longchamps,cajonera 5 cajones,dormitorio,,Nuevo,,pino,ramon,,,52000.00,0.00,5,0,
producto,0.9855,0.9444,1.0,1.0,1.0,1.0,1.0,1.0,1.0,1.0,1.0,6000.0,0.0923,0.0,0.0,22,Estacion,cajonera 7 cajones,dormitorio,,Nuevo,,pino,ramon,,,65000.00,0.00,1,0,,374,Vidriera,cajonera 6 cajones,dormitorio,,Nuevo,,pino,ramon,,,59000.00,0.00,2,0,
producto,0.9855,0.9444,1.0,1.0,1.0,1.0,1.0,1.0,1.0,1.0,1.0,13000.0,0.2,0.0,0.0,22,Estacion,cajonera 7 cajones,dormitorio,,Nuevo,,pino,ramon,,,65000.00,0.00,1,0,,376,Vidriera,cajonera 5 cajones,dormitorio,,Nuevo,,pino,ramon,,,52000.00,0.00,1,0,
producto,0.9855,0.9444,1.0,1.0,1.0,1.0,1.0,1.0,1.0,1.0,1.0,7000.0,0.1186,0.0,0.0,137,Longchamps,cajonera 6 cajones,dormitorio,,Nuevo,,pino,ramon,,,59000.00,0.00,5,0,,136,Longchamps,cajonera 5 cajones,dormitorio,,Nuevo,,pino,ramon,,,52000.00,0.00,5,0,
producto,0.9855,0.9444,1.0,1.0,1.0,1.0,1.0,1.0,1.0,1.0,1.0,6000.0,0.0923,0.0,0.0,137,Longchamps,cajonera 6 cajones,dormitorio,,Nuevo,,pino,ramon,,,59000.00,0.00,5,0,,138,Longchamps,cajonera 7 cajones,dormitorio,,Nuevo,,pino,ramon,,,65000.00,0.00,3,0,
producto,0.9855,0.9444,1.0,1.0,1.0,1.0,1.0,1.0,1.0,1.0,1.0,6000.0,0.0923,0.0,0.0,137,Longchamps,cajonera 6 cajones,dormitorio,,Nuevo,,pino,ramon,,,59000.00,0.00,5,0,,375,Vidriera,cajonera 7 cajones,dormitorio,,Nuevo,,pino,ramon,,,65000.00,0.00,1,0,
producto,0.9855,0.9444,1.0,1.0,1.0,1.0,1.0,1.0,1.0,1.0,1.0,7000.0,0.1186,0.0,0.0,137,Longchamps,cajonera 6 cajones,dormitorio,,Nuevo,,pino,ramon,,,59000.00,0.00,5,0,,376,Vidriera,cajonera 5 cajones,dormitorio,,Nuevo,,pino,ramon,,,52000.00,0.00,1,0,
producto,0.9855,0.9444,1.0,1.0,1.0,1.0,1.0,1.0,1.0,1.0,1.0,13000.0,0.2,0.0,0.0,136,Longchamps,cajonera 5 cajones,dormitorio,,Nuevo,,pino,ramon,,,52000.00,0.00,5,0,,138,Longchamps,cajonera 7 cajones,dormitorio,,Nuevo,,pino,ramon,,,65000.00,0.00,3,0,
producto,0.9855,0.9444,1.0,1.0,1.0,1.0,1.0,1.0,1.0,1.0,1.0,7000.0,0.1186,0.0,0.0,136,Longchamps,cajonera 5 cajones,dormitorio,,Nuevo,,pino,ramon,,,52000.00,0.00,5,0,,374,Vidriera,cajonera 6 cajones,dormitorio,,Nuevo,,pino,ramon,,,59000.00,0.00,2,0,
producto,0.9855,0.9444,1.0,1.0,1.0,1.0,1.0,1.0,1.0,1.0,1.0,13000.0,0.2,0.0,0.0,136,Longchamps,cajonera 5 cajones,dormitorio,,Nuevo,,pino,ramon,,,52000.00,0.00,5,0,,375,Vidriera,cajonera 7 cajones,dormitorio,,Nuevo,,pino,ramon,,,65000.00,0.00,1,0,
producto,0.9855,0.9444,1.0,1.0,1.0,1.0,1.0,1.0,1.0,1.0,1.0,6000.0,0.0923,0.0,0.0,138,Longchamps,cajonera 7 cajones,dormitorio,,Nuevo,,pino,ramon,,,65000.00,0.00,3,0,,374,Vidriera,cajonera 6 cajones,dormitorio,,Nuevo,,pino,ramon,,,59000.00,0.00,2,0,
producto,0.9855,0.9444,1.0,1.0,1.0,1.0,1.0,1.0,1.0,1.0,1.0,13000.0,0.2,0.0,0.0,138,Longchamps,cajonera 7 cajones,dormitorio,,Nuevo,,pino,ramon,,,65000.00,0.00,3,0,,376,Vidriera,cajonera 5 cajones,dormitorio,,Nuevo,,pino,ramon,,,52000.00,0.00,1,0,
producto,0.9855,0.9444,1.0,1.0,1.0,1.0,1.0,1.0,1.0,1.0,1.0,6000.0,0.0923,0.0,0.0,374,Vidriera,cajonera 6 cajones,dormitorio,,Nuevo,,pino,ramon,,,59000.00,0.00,2,0,,375,Vidriera,cajonera 7 cajones,dormitorio,,Nuevo,,pino,ramon,,,65000.00,0.00,1,0,
producto,0.9855,0.9444,1.0,1.0,1.0,1.0,1.0,1.0,1.0,1.0,1.0,7000.0,0.1186,0.0,0.0,374,Vidriera,cajonera 6 cajones,dormitorio,,Nuevo,,pino,ramon,,,59000.00,0.00,2,0,,376,Vidriera,cajonera 5 cajones,dormitorio,,Nuevo,,pino,ramon,,,52000.00,0.00,1,0,
producto,0.9855,0.9444,1.0,1.0,1.0,1.0,1.0,1.0,1.0,1.0,1.0,13000.0,0.2,0.0,0.0,375,Vidriera,cajonera 7 cajones,dormitorio,,Nuevo,,pino,ramon,,,65000.00,0.00,1,0,,376,Vidriera,cajonera 5 cajones,dormitorio,,Nuevo,,pino,ramon,,,52000.00,0.00,1,0,
producto,0.9832,0.9355,1.0,1.0,1.0,1.0,1.0,1.0,1.0,1.0,1.0,70000.0,0.1458,0.0,0.0,102,Longchamps,colchon gold jackard sin pillow,dormitorio,2 1/2 plazas,Nuevo,,espuma,taurus,,,410000.00,0.00,9,0,,160,Longchamps,colchon gold jackard con pillow,dormitorio,2 1/2 plazas,Nuevo,,espuma,taurus,,,480000.00,0.00,2,0,
producto,0.9832,0.9355,1.0,1.0,1.0,1.0,1.0,1.0,1.0,1.0,1.0,70000.0,0.1458,0.0,0.0,160,Longchamps,colchon gold jackard con pillow,dormitorio,2 1/2 plazas,Nuevo,,espuma,taurus,,,480000.00,0.00,2,0,,79,Estacion,colchon gold jackard sin pillow,dormitorio,2 1/2 plazas,Nuevo,,espuma,taurus,,,410000.00,0.00,1,0,
producto,0.9829,1.0,1.0,0.8696,1.0,1.0,0.9333,1.0,1.0,1.0,1.0,53000.0,0.2112,0.0,0.0,83,Estacion,colchon silver,dormitorio,2 1/2 plazas,Nuevo,,resorte,taurus,,,251000.00,0.00,1,0,,223,Vidriera,colchon silver,dormitorio,1 1/2 plaza,Nuevo,,resortes,taurus,,,198000.00,0.00,0,0,
producto,0.9829,1.0,1.0,0.8696,1.0,1.0,0.9333,1.0,1.0,1.0,1.0,53000.0,0.2112,0.0,0.0,113,Longchamps,colchon silver,dormitorio,2 1/2 plazas,Nuevo,,resorte,taurus,,,251000.00,0.00,5,0,,223,Vidriera,colchon silver,dormitorio,1 1/2 plaza,Nuevo,,resortes,taurus,,,198000.00,0.00,0,0,
producto,0.9829,1.0,1.0,0.8696,1.0,1.0,0.9333,1.0,1.0,1.0,1.0,53000.0,0.2112,0.0,0.0,233,Vidriera,colchon silver,dormitorio,2 1/2 plazas,Nuevo,,resorte,taurus,,,251000.00,0.00,2,0,,223,Vidriera,colchon silver,dormitorio,1 1/2 plaza,Nuevo,,resortes,taurus,,,198000.00,0.00,0,0,
producto,0.9826,1.0,1.0,0.8,1.0,1.0,1.0,1.0,1.0,1.0,1.0,3000.0,0.0531,0.0,0.0,173,Longchamps,mesa,comedor,"1,20m",Nuevo,,pino,ramon,,,53500.00,0.00,2,0,,175,Longchamps,mesa,comedor,"1,40m",Nuevo,,pino,ramon,,,56500.00,0.00,3,0,
producto,0.9826,1.0,1.0,0.8,1.0,1.0,1.0,1.0,1.0,1.0,1.0,3000.0,0.0531,0.0,0.0,173,Longchamps,mesa,comedor,"1,20m",Nuevo,,pino,ramon,,,53500.00,0.00,2,0,,411,Estacion,mesa,comedor,"1,40m",Nuevo,,pino,ramon,,,56500.00,0.00,1,0,
producto,0.9826,1.0,1.0,0.8,1.0,1.0,1.0,1.0,1.0,1.0,1.0,6500.0,0.1083,0.0,0.0,173,Longchamps,mesa,comedor,"1,20m",Nuevo,,pino,ramon,,,53500.00,0.00,2,0,,176,Longchamps,mesa,comedor,"1,60m",Nuevo,,pino,ramon,,,60000.00,0.00,0,0,
producto,0.9826,1.0,1.0,0.8,1.0,1.0,1.0,1.0,1.0,1.0,1.0,10500.0,0.1641,0.0,0.0,173,Longchamps,mesa,comedor,"1,20m",Nuevo,,pino,ramon,,,53500.00,0.00,2,0,,177,Longchamps,mesa,comedor,"1,80m",Nuevo,,pino,ramon,,,64000.00,0.00,2,0,
producto,0.9826,1.0,1.0,0.8,1.0,1.0,1.0,1.0,1.0,1.0,1.0,3000.0,0.0531,0.0,0.0,412,Estacion,mesa,comedor,"1,20m",Nuevo,,pino,ramon,,,53500.00,0.00,1,0,,175,Longchamps,mesa,comedor,"1,40m",Nuevo,,pino,ramon,,,56500.00,0.00,3,0,
producto,0.9826,1.0,1.0,0.8,1.0,1.0,1.0,1.0,1.0,1.0,1.0,3000.0,0.0531,0.0,0.0,412,Estacion,mesa,comedor,"1,20m",Nuevo,,pino,ramon,,,53500.00,0.00,1,0,,411,Estacion,mesa,comedor,"1,40m",Nuevo,,pino,ramon,,,56500.00,0.00,1,0,
producto,0.9826,1.0,1.0,0.8,1.0,1.0,1.0,1.0,1.0,1.0,1.0,6500.0,0.1083,0.0,0.0,412,Estacion,mesa,comedor,"1,20m",Nuevo,,pino,ramon,,,53500.00,0.00,1,0,,176,Longchamps,mesa,comedor,"1,60m",Nuevo,,pino,ramon,,,60000.00,0.00,0,0,
producto,0.9826,1.0,1.0,0.8,1.0,1.0,1.0,1.0,1.0,1.0,1.0,10500.0,0.1641,0.0,0.0,412,Estacion,mesa,comedor,"1,20m",Nuevo,,pino,ramon,,,53500.00,0.00,1,0,,177,Longchamps,mesa,comedor,"1,80m",Nuevo,,pino,ramon,,,64000.00,0.00,2,0,
producto,0.9826,1.0,1.0,0.8,1.0,1.0,1.0,1.0,1.0,1.0,1.0,3500.0,0.0583,0.0,0.0,175,Longchamps,mesa,comedor,"1,40m",Nuevo,,pino,ramon,,,56500.00,0.00,3,0,,176,Longchamps,mesa,comedor,"1,60m",Nuevo,,pino,ramon,,,60000.00,0.00,0,0,
producto,0.9826,1.0,1.0,0.8,1.0,1.0,1.0,1.0,1.0,1.0,1.0,7500.0,0.1172,0.0,0.0,175,Longchamps,mesa,comedor,"1,40m",Nuevo,,pino,ramon,,,56500.00,0.00,3,0,,177,Longchamps,mesa,comedor,"1,80m",Nuevo,,pino,ramon,,,64000.00,0.00,2,0,
producto,0.9826,1.0,1.0,0.8,1.0,1.0,1.0,1.0,1.0,1.0,1.0,3500.0,0.0583,0.0,0.0,411,Estacion,mesa,comedor,"1,40m",Nuevo,,pino,ramon,,,56500.00,0.00,1,0,,176,Longchamps,mesa,comedor,"1,60m",Nuevo,,pino,ramon,,,60000.00,0.00,0,0,
producto,0.9826,1.0,1.0,0.8,1.0,1.0,1.0,1.0,1.0,1.0,1.0,7500.0,0.1172,0.0,0.0,411,Estacion,mesa,comedor,"1,40m",Nuevo,,pino,ramon,,,56500.00,0.00,1,0,,177,Longchamps,mesa,comedor,"1,80m",Nuevo,,pino,ramon,,,64000.00,0.00,2,0,
producto,0.9826,1.0,1.0,0.8,1.0,1.0,1.0,1.0,1.0,1.0,1.0,4000.0,0.0625,0.0,0.0,176,Longchamps,mesa,comedor,"1,60m",Nuevo,,pino,ramon,,,60000.00,0.00,0,0,,177,Longchamps,mesa,comedor,"1,80m",Nuevo,,pino,ramon,,,64000.00,0.00,2,0,
producto,0.9826,1.0,1.0,0.8,1.0,1.0,1.0,1.0,1.0,1.0,1.0,3000.0,0.0531,0.0,0.0,308,Vidriera,mesa eco,comedor,"1,20m",Nuevo,,pino,ramon,,,53500.00,0.00,1,0,,309,Vidriera,mesa eco,comedor,"1,40m",Nuevo,,pino,ramon,,,56500.00,0.00,1,0,
producto,0.9826,1.0,1.0,0.8,1.0,1.0,1.0,1.0,1.0,1.0,1.0,82500.0,0.3929,0.0,0.0,168,Longchamps,placard macizo,dormitorio,"1,60m",Nuevo,,pino,pinitos,,,210000.00,0.00,3,0,,352,Vidriera,placard macizo,dormitorio,"1,20m",Nuevo,,pino,pinitos,,,127500.00,0.00,1,0,
producto,0.9826,1.0,1.0,0.8,1.0,1.0,1.0,1.0,1.0,1.0,1.0,82500.0,0.3929,0.0,0.0,168,Longchamps,placard macizo,dormitorio,"1,60m",Nuevo,,pino,pinitos,,,210000.00,0.00,3,0,,406,Longchamps,placard macizo,dormitorio,"1,20m",Nuevo,,pino,pinitos,,,127500.00,0.00,3,0,
producto,0.9826,1.0,1.0,0.8,1.0,1.0,1.0,1.0,1.0,1.0,1.0,82500.0,0.3929,0.0,0.0,356,Vidriera,placard macizo,dormitorio,"1,60m",Nuevo,,pino,pinitos,,,210000.00,0.00,1,0,,352,Vidriera,placard macizo,dormitorio,"1,20m",Nuevo,,pino,pinitos,,,127500.00,0.00,1,0,
producto,0.9826,1.0,1.0,0.8,1.0,1.0,1.0,1.0,1.0,1.0,1.0,82500.0,0.3929,0.0,0.0,356,Vidriera,placard macizo,dormitorio,"1,60m",Nuevo,,pino,pinitos,,,210000.00,0.00,1,0,,406,Longchamps,placard macizo,dormitorio,"1,20m",Nuevo,,pino,pinitos,,,127500.00,0.00,3,0,
producto,0.9826,1.0,1.0,0.8,1.0,1.0,1.0,1.0,1.0,1.0,1.0,87500.0,0.4167,0.0,0.0,358,Vidriera,placard corredizo,dormitorio,"1,60m",Nuevo,,pino,pinitos,,,210000.00,0.00,1,0,,204,Longchamps,placard corredizo,dormitorio,"1,20m",Nuevo,,pino,pinitos,,,122500.00,0.00,2,0,
producto,0.9826,1.0,1.0,0.8,1.0,1.0,1.0,1.0,1.0,1.0,1.0,87500.0,0.4167,0.0,0.0,358,Vidriera,placard corredizo,dormitorio,"1,60m",Nuevo,,pino,pinitos,,,210000.00,0.00,1,0,,350,Vidriera,placard corredizo,dormitorio,"1,20m",Nuevo,,pino,pinitos,,,122500.00,0.00,1,0,
producto,0.9826,1.0,1.0,0.8,1.0,1.0,1.0,1.0,1.0,1.0,1.0,87500.0,0.4167,0.0,0.0,407,Longchamps,placard corredizo,dormitorio,"1,60m",Nuevo,,pino,pinitos,,,210000.00,0.00,3,0,,204,Longchamps,placard corredizo,dormitorio,"1,20m",Nuevo,,pino,pinitos,,,122500.00,0.00,2,0,
producto,0.9826,1.0,1.0,0.8,1.0,1.0,1.0,1.0,1.0,1.0,1.0,87500.0,0.4167,0.0,0.0,407,Longchamps,placard corredizo,dormitorio,"1,60m",Nuevo,,pino,pinitos,,,210000.00,0.00,3,0,,350,Vidriera,placard corredizo,dormitorio,"1,20m",Nuevo,,pino,pinitos,,,122500.00,0.00,1,0,
producto,0.9826,1.0,1.0,0.8,1.0,1.0,1.0,1.0,1.0,1.0,1.0,17000.0,0.2073,0.0,0.0,357,Vidriera,alzada corrediza,cocina,"1,60m",Nuevo,,pino,pinitos,,,82000.00,0.00,1,0,,409,Longchamps,alzada corrediza,cocina,"1,20m",Nuevo,,pino,pinitos,,,65000.00,0.00,1,0,
producto,0.9826,1.0,1.0,0.8,1.0,1.0,1.0,1.0,1.0,1.0,1.0,17000.0,0.2073,0.0,0.0,408,Longchamps,alzada corrediza,cocina,"1,60m",Nuevo,,pino,pinitos,,,82000.00,0.00,2,0,,409,Longchamps,alzada corrediza,cocina,"1,20m",Nuevo,,pino,pinitos,,,65000.00,0.00,1,0,
producto,0.9826,1.0,1.0,0.8,1.0,1.0,1.0,1.0,1.0,1.0,1.0,12700.0,0.1334,0.0,0.0,279,Longchamps,alacena,cocina,"1,40m",Nuevo,,pino,,,,82500.00,0.00,2,0,,280,Longchamps,alacena,cocina,"1,60m",Nuevo,,pino,,,,95200.00,0.00,1,0,
producto,0.9826,1.0,1.0,0.8,1.0,1.0,1.0,1.0,1.0,1.0,1.0,22000.0,0.1533,0.0,0.0,502,Longchamps,alacena,cocina,"1,20m",Nuevo,blanco y venezia,melamina,mosconi,,,121500.00,0.00,1,0,,505,Longchamps,alacena,cocina,"1,40m",Nuevo,blanco y venezia,melamina,mosconi,,,143500.00,0.00,1,0,
producto,0.9826,1.0,1.0,0.8,1.0,1.0,1.0,1.0,1.0,1.0,1.0,22000.0,0.1533,0.0,0.0,503,Longchamps,alacena,cocina,"1,20m",Nuevo,blanco,melamina,mosconi,,,121500.00,0.00,1,0,,504,Longchamps,alacena,cocina,"1,40m",Nuevo,blanco,melamina,mosconi,,,143500.00,0.00,1,0,
producto,0.9826,1.0,1.0,0.8,1.0,1.0,1.0,1.0,1.0,1.0,1.0,13600.0,0.1053,0.0,0.0,262,Longchamps,bajo mesada,cocina,"1,40m",Nuevo,,pino,,,,115600.00,0.00,1,0,,263,Longchamps,bajo mesada,cocina,"1,60m",Nuevo,,pino,,,,129200.00,0.00,1,0,
producto,0.9826,1.0,1.0,0.8,1.0,1.0,1.0,1.0,1.0,1.0,1.0,25500.0,0.1807,0.0,0.0,262,Longchamps,bajo mesada,cocina,"1,40m",Nuevo,,pino,,,,115600.00,0.00,1,0,,264,Longchamps,bajo mesada,cocina,"1,80m",Nuevo,,pino,,,,141100.00,0.00,1,0,
producto,0.9826,1.0,1.0,0.8,1.0,1.0,1.0,1.0,1.0,1.0,1.0,11900.0,0.0843,0.0,0.0,263,Longchamps,bajo mesada,cocina,"1,60m",Nuevo,,pino,,,,129200.00,0.00,1,0,,264,Longchamps,bajo mesada,cocina,"1,80m",Nuevo,,pino,,,,141100.00,0.00,1,0,
producto,0.9826,1.0,1.0,0.8,1.0,1.0,1.0,1.0,1.0,1.0,1.0,37000.0,0.1737,0.0,0.0,508,Longchamps,bajo mesada,cocina,"1,20m",Nuevo,blanco,melamina,mosconi,,,176000.00,0.00,2,0,,510,Longchamps,bajo mesada,cocina,"1,40m",Nuevo,blanco,melamina,mosconi,,,213000.00,0.00,1,0,
producto,0.9826,1.0,1.0,0.8,1.0,1.0,1.0,1.0,1.0,1.0,1.0,24000.0,0.1472,0.0,0.0,429,Longchamps,mesada,cocina,"1,60m",Nuevo,.,granitex,.,,,163000.00,0.00,1,0,,428,Longchamps,mesada,cocina,"1,40m",Nuevo,.,granitex,.,,,139000.00,0.00,1,0,
producto,0.9826,1.0,1.0,0.8,1.0,1.0,1.0,1.0,1.0,1.0,1.0,17000.0,0.3469,0.0,0.0,699,Longchamps,colchon de cuna,infantil,"1,40x0,80m",Nuevo,,espuma,,,,49000.00,0.00,9,0,,700,Longchamps,colchon de cuna,infantil,"1,20x0,60m",Nuevo,,espuma,,,,32000.00,0.00,10,0,
producto,0.9826,1.0,1.0,0.8,1.0,1.0,1.0,1.0,1.0,1.0,1.0,33000.0,0.2,0.0,0.0,130,Longchamps,bahiut,living,"1,60m",Nuevo,,pino,pinitos,,,165000.00,0.00,2,0,,131,Longchamps,bahiut,living,"1,40m",Nuevo,,pino,pinitos,,,132000.00,0.00,0,0,
producto,0.9816,0.973,1.0,0.8696,1.0,1.0,1.0,1.0,1.0,1.0,1.0,28000.0,0.2456,0.0,0.0,105,Longchamps,colchon eco 17alto,dormitorio,1 1/2 plaza,Nuevo,,espuma,taurus,,,86000.00,0.00,1,0,,739,Longchamps,colchon eco 17 alto,dormitorio,2 1/2 plazas,Nuevo,,espuma,taurus,,,114000.00,0.00,1,0,
producto,0.9816,0.973,1.0,0.8696,1.0,1.0,1.0,1.0,1.0,1.0,1.0,28000.0,0.2456,0.0,0.0,739,Longchamps,colchon eco 17 alto,dormitorio,2 1/2 plazas,Nuevo,,espuma,taurus,,,114000.00,0.00,1,0,,219,Vidriera,colchon eco 17alto,dormitorio,1 1/2 plaza,Nuevo,,espuma,taurus,,,86000.00,0.00,2,0,
producto,0.9807,1.0,1.0,0.7778,1.0,1.0,1.0,1.0,1.0,1.0,1.0,26000.0,0.2476,0.0,0.0,209,Vidriera,colchon standard 17alto,dormitorio,1 plaza,Nuevo,,espuma,taurus,,,79000.00,0.00,1,0,,220,Vidriera,colchon standard 17alto,dormitorio,1 1/2 plaza,Nuevo,,espuma,taurus,,,105000.00,0.00,2,0,
producto,0.9807,1.0,1.0,0.7778,1.0,1.0,1.0,1.0,1.0,1.0,1.0,26000.0,0.2476,0.0,0.0,66,Estacion,colchon standard 17alto,dormitorio,1 plaza,Nuevo,,espuma,taurus,,,79000.00,0.00,1,0,,220,Vidriera,colchon standard 17alto,dormitorio,1 1/2 plaza,Nuevo,,espuma,taurus,,,105000.00,0.00,2,0,
producto,0.9807,1.0,1.0,0.7778,1.0,1.0,1.0,1.0,1.0,1.0,1.0,17000.0,0.1977,0.0,0.0,68,Estacion,colchon eco 17alto,dormitorio,1 plaza,Nuevo,,espuma,taurus,,,69000.00,0.00,1,0,,105,Longchamps,colchon eco 17alto,dormitorio,1 1/2 plaza,Nuevo,,espuma,taurus,,,86000.00,0.00,1,0,
producto,0.9807,1.0,1.0,0.7778,1.0,1.0,1.0,1.0,1.0,1.0,1.0,17000.0,0.1977,0.0,0.0,68,Estacion,colchon eco 17alto,dormitorio,1 plaza,Nuevo,,espuma,taurus,,,69000.00,0.00,1,0,,219,Vidriera,colchon eco 17alto,dormitorio,1 1/2 plaza,Nuevo,,espuma,taurus,,,86000.00,0.00,2,0,
producto,0.9807,1.0,1.0,0.7778,1.0,1.0,1.0,1.0,1.0,1.0,1.0,17000.0,0.1977,0.0,0.0,206,Vidriera,colchon eco 17alto,dormitorio,1 plaza,Nuevo,,espuma,taurus,,,69000.00,0.00,1,0,,105,Longchamps,colchon eco 17alto,dormitorio,1 1/2 plaza,Nuevo,,espuma,taurus,,,86000.00,0.00,1,0,
producto,0.9807,1.0,1.0,0.7778,1.0,1.0,1.0,1.0,1.0,1.0,1.0,17000.0,0.1977,0.0,0.0,206,Vidriera,colchon eco 17alto,dormitorio,1 plaza,Nuevo,,espuma,taurus,,,69000.00,0.00,1,0,,219,Vidriera,colchon eco 17alto,dormitorio,1 1/2 plaza,Nuevo,,espuma,taurus,,,86000.00,0.00,2,0,
producto,0.9807,1.0,1.0,0.7778,1.0,1.0,1.0,1.0,1.0,1.0,1.0,40000.0,0.1633,0.0,0.0,217,Vidriera,colchon super lujo,dormitorio,1 plaza,Nuevo,,espuma,taurus,,,205000.00,0.00,2,0,,226,Vidriera,colchon super lujo,dormitorio,1 1/2 plaza,Nuevo,,espuma,taurus,,,245000.00,0.00,1,0,
producto,0.9807,1.0,1.0,0.7778,1.0,1.0,1.0,1.0,1.0,1.0,1.0,40000.0,0.1633,0.0,0.0,71,Estacion,colchon super lujo,dormitorio,1 plaza,Nuevo,,espuma,taurus,,,205000.00,0.00,1,0,,226,Vidriera,colchon super lujo,dormitorio,1 1/2 plaza,Nuevo,,espuma,taurus,,,245000.00,0.00,1,0,
producto,0.9807,1.0,1.0,0.7778,1.0,1.0,1.0,1.0,1.0,1.0,1.0,45000.0,0.1475,0.0,0.0,104,Longchamps,colchon equis,dormitorio,1 plaza,Nuevo,,resorte,taurus,,,260000.00,0.00,4,0,,227,Vidriera,colchon equis,dormitorio,1 1/2 plaza,Nuevo,,resorte,taurus,,,305000.00,0.00,1,0,
producto,0.9807,1.0,1.0,0.7778,1.0,1.0,1.0,1.0,1.0,1.0,1.0,45000.0,0.1475,0.0,0.0,215,Vidriera,colchon equis,dormitorio,1 plaza,Nuevo,,resorte,taurus,,,260000.00,0.00,1,0,,227,Vidriera,colchon equis,dormitorio,1 1/2 plaza,Nuevo,,resorte,taurus,,,305000.00,0.00,1,0,
producto,0.9807,1.0,1.0,0.7778,1.0,1.0,1.0,1.0,1.0,1.0,1.0,35000.0,0.1429,0.0,0.0,69,Estacion,colchon palace sin pillow,dormitorio,1 plaza,Nuevo,,resorte,taurus,,,210000.00,0.00,1,0,,107,Longchamps,colchon palace sin pillow,dormitorio,1 1/2 plaza,Nuevo,,resorte,taurus,,,245000.00,0.00,1,0,
producto,0.9807,1.0,1.0,0.7778,1.0,1.0,1.0,1.0,1.0,1.0,1.0,35000.0,0.1429,0.0,0.0,69,Estacion,colchon palace sin pillow,dormitorio,1 plaza,Nuevo,,resorte,taurus,,,210000.00,0.00,1,0,,224,Vidriera,colchon palace sin pillow,dormitorio,1 1/2 plaza,Nuevo,,resorte,taurus,,,245000.00,0.00,1,0,
producto,0.9807,1.0,1.0,0.7778,1.0,1.0,1.0,1.0,1.0,1.0,1.0,60000.0,0.1935,0.0,0.0,216,Vidriera,colchon gold jackard,dormitorio,1 plaza,Nuevo,,espuma,taurus,,,250000.00,0.00,1,0,,228,Vidriera,colchon gold jackard,dormitorio,1 1/2 plaza,Nuevo,,espuma,taurus,,,310000.00,0.00,1,0,
producto,0.9807,1.0,1.0,0.7778,1.0,1.0,1.0,1.0,1.0,1.0,1.0,15000.0,0.1064,0.0,0.0,218,Vidriera,box,dormitorio,1 plaza,Nuevo,negro,chenille,taurus,,,126000.00,0.00,2,0,,95,Longchamps,box,dormitorio,1 1/2 plaza,Nuevo,negro,chenille,taurus,,,141000.00,0.00,2,0,
producto,0.9807,1.0,1.0,0.7778,1.0,1.0,1.0,1.0,1.0,1.0,1.0,15000.0,0.1064,0.0,0.0,218,Vidriera,box,dormitorio,1 plaza,Nuevo,negro,chenille,taurus,,,126000.00,0.00,2,0,,229,Vidriera,box,dormitorio,1 1/2 plaza,Nuevo,negro,chenille,taurus,,,141000.00,0.00,0,0,
producto,0.9807,1.0,1.0,0.7778,1.0,1.0,1.0,1.0,1.0,1.0,1.0,15000.0,0.1064,0.0,0.0,218,Vidriera,box,dormitorio,1 plaza,Nuevo,negro,chenille,taurus,,,126000.00,0.00,2,0,,78,Estacion,box,dormitorio,1 1/2 plaza,Nuevo,negro,chenille,taurus,,,141000.00,0.00,1,0,
producto,0.9807,1.0,1.0,0.7778,1.0,1.0,1.0,1.0,1.0,1.0,1.0,15000.0,0.1064,0.0,0.0,94,Longchamps,box,dormitorio,1 plaza,Nuevo,negro,chenille,taurus,,,126000.00,0.00,9,0,,95,Longchamps,box,dormitorio,1 1/2 plaza,Nuevo,negro,chenille,taurus,,,141000.00,0.00,2,0,
producto,0.9807,1.0,1.0,0.7778,1.0,1.0,1.0,1.0,1.0,1.0,1.0,15000.0,0.1064,0.0,0.0,94,Longchamps,box,dormitorio,1 plaza,Nuevo,negro,chenille,taurus,,,126000.00,0.00,9,0,,229,Vidriera,box,dormitorio,1 1/2 plaza,Nuevo,negro,chenille,taurus,,,141000.00,0.00,0,0,
producto,0.9807,1.0,1.0,0.7778,1.0,1.0,1.0,1.0,1.0,1.0,1.0,15000.0,0.1064,0.0,0.0,94,Longchamps,box,dormitorio,1 plaza,Nuevo,negro,chenille,taurus,,,126000.00,0.00,9,0,,78,Estacion,box,dormitorio,1 1/2 plaza,Nuevo,negro,chenille,taurus,,,141000.00,0.00,1,0,
combo,0.9806,1.0,1.0,0.8,1.0,1.0,1.0,1.0,1.0,1.0,0.9692,21000.0,0.1346,0.0,0.0,447,Longchamps,combo bajo y alacena,cocina,"1,20m",Nuevo,.,pino,pinitos,,,135000.00,0.00,0,1,"alacena|mueble|1 20m|nuevo||:1,bajo mesada|mueble|1 20m|nuevo||:1",449,Longchamps,combo bajo y alacena,cocina,"1,40m",Nuevo,,pino,pinitos,,,156000.00,0.00,0,1,"alacena|mueble|1 40m|nuevo||:1,bajo mesada|mueble|1 40m|nuevo||:1"
combo,0.9806,1.0,1.0,0.8,1.0,1.0,1.0,1.0,1.0,1.0,0.9692,37500.0,0.2174,0.0,0.0,447,Longchamps,combo bajo y alacena,cocina,"1,20m",Nuevo,.,pino,pinitos,,,135000.00,0.00,0,1,"alacena|mueble|1 20m|nuevo||:1,bajo mesada|mueble|1 20m|nuevo||:1",451,Longchamps,combo bajo y alacena,cocina,"1,60m",Nuevo,.,pino,pinitos,,,172500.00,0.00,0,1,"alacena|mueble|1 60m|nuevo||:1,bajo mesada|mueble|1 60m|nuevo||:1"
combo,0.9806,1.0,1.0,0.8,1.0,1.0,1.0,1.0,1.0,1.0,0.9692,16500.0,0.0957,0.0,0.0,449,Longchamps,combo bajo y alacena,cocina,"1,40m",Nuevo,,pino,pinitos,,,156000.00,0.00,0,1,"alacena|mueble|1 40m|nuevo||:1,bajo mesada|mueble|1 40m|nuevo||:1",451,Longchamps,combo bajo y alacena,cocina,"1,60m",Nuevo,.,pino,pinitos,,,172500.00,0.00,0,1,"alacena|mueble|1 60m|nuevo||:1,bajo mesada|mueble|1 60m|nuevo||:1"
combo,0.9806,1.0,1.0,0.8,1.0,1.0,1.0,1.0,1.0,1.0,0.9688,40000.0,0.1194,0.0,0.0,456,Longchamps,"combo bajo,alacena y mesada",cocina,"1,60m",Nuevo,.,pino,.,,,335000.00,0.00,0,1,"alacena|mueble|1 60m|nuevo||:1,bajo mesada|mueble|1 60m|nuevo||:1,mesada|mesadas|1 60m|nuevo||:1",458,Longchamps,"combo bajo,alacena y mesada",cocina,"1,40m",Nuevo,.,pino,.,,,295000.00,0.00,0,1,"alacena|mueble|1 40m|nuevo||:1,bajo mesada|mueble|1 40m|nuevo||:1,mesada|mesadas|1 40m|nuevo||:1"
producto,0.9791,0.92,1.0,1.0,1.0,1.0,1.0,1.0,1.0,1.0,1.0,35000.0,0.1429,0.0,0.0,100,Longchamps,colchon palace con pillow,dormitorio,1 plaza,Nuevo,,resorte,taurus,,,245000.00,0.00,1,0,,69,Estacion,colchon palace sin pillow,dormitorio,1 plaza,Nuevo,,resorte,taurus,,,210000.00,0.00,1,0,
producto,0.9791,0.92,1.0,1.0,1.0,1.0,1.0,1.0,1.0,1.0,1.0,35000.0,0.1429,0.0,0.0,70,Estacion,colchon palace con pillow,dormitorio,1 plaza,Nuevo,,resorte,taurus,,,245000.00,0.00,1,0,,69,Estacion,colchon palace sin pillow,dormitorio,1 plaza,Nuevo,,resorte,taurus,,,210000.00,0.00,1,0,
producto,0.9791,0.92,1.0,1.0,1.0,1.0,1.0,1.0,1.0,1.0,1.0,60000.0,0.16,0.0,0.0,114,Longchamps,colchon palace sin pillow,dormitorio,2 1/2 plazas,Nuevo,,resorte,taurus,,,315000.00,0.00,1,0,,235,Vidriera,colchon palace con pillow,dormitorio,2 1/2 plazas,Nuevo,,resorte,taurus,,,375000.00,0.00,2,0,
producto,0.9791,0.92,1.0,1.0,1.0,1.0,1.0,1.0,1.0,1.0,1.0,60000.0,0.16,0.0,0.0,235,Vidriera,colchon palace con pillow,dormitorio,2 1/2 plazas,Nuevo,,resorte,taurus,,,375000.00,0.00,2,0,,234,Vidriera,colchon palace sin pillow,dormitorio,2 1/2 plazas,Nuevo,,resorte,taurus,,,315000.00,0.00,2,0,
producto,0.9783,1.0,1.0,0.75,1.0,1.0,1.0,1.0,1.0,1.0,1.0,6000.0,0.1579,0.0,0.0,50,Estacion,toallero,baño,60cm,Nuevo,,pino,machuca,,,32000.00,0.00,1,0,,185,Longchamps,toallero,baño,80cm,Nuevo,,pino,machuca,,,38000.00,0.00,3,0,
producto,0.9783,1.0,1.0,0.75,1.0,1.0,1.0,1.0,1.0,1.0,1.0,6000.0,0.1875,0.0,0.0,50,Estacion,toallero,baño,60cm,Nuevo,,pino,machuca,,,32000.00,0.00,1,0,,183,Longchamps,toallero,baño,40cm,Nuevo,,pino,machuca,,,26000.00,0.00,1,0,
producto,0.9783,1.0,1.0,0.75,1.0,1.0,1.0,1.0,1.0,1.0,1.0,6000.0,0.1875,0.0,0.0,50,Estacion,toallero,baño,60cm,Nuevo,,pino,machuca,,,32000.00,0.00,1,0,,734,Vidriera,toallero,baño,40cm,Nuevo,,pino,machuca,,,26000.00,0.00,1,0,
producto,0.9783,1.0,1.0,0.75,1.0,1.0,1.0,1.0,1.0,1.0,1.0,6000.0,0.1579,0.0,0.0,50,Estacion,toallero,baño,60cm,Nuevo,,pino,machuca,,,32000.00,0.00,1,0,,732,Vidriera,toallero,baño,80cm,Nuevo,,pino,machuca,,,38000.00,0.00,0,0,
producto,0.9783,1.0,1.0,0.75,1.0,1.0,1.0,1.0,1.0,1.0,1.0,6000.0,0.1579,0.0,0.0,184,Longchamps,toallero,baño,60cm,Nuevo,,pino,machuca,,,32000.00,0.00,4,0,,185,Longchamps,toallero,baño,80cm,Nuevo,,pino,machuca,,,38000.00,0.00,3,0,
producto,0.9783,1.0,1.0,0.75,1.0,1.0,1.0,1.0,1.0,1.0,1.0,6000.0,0.1875,0.0,0.0,184,Longchamps,toallero,baño,60cm,Nuevo,,pino,machuca,,,32000.00,0.00,4,0,,183,Longchamps,toallero,baño,40cm,Nuevo,,pino,machuca,,,26000.00,0.00,1,0,
producto,0.9783,1.0,1.0,0.75,1.0,1.0,1.0,1.0,1.0,1.0,1.0,6000.0,0.1875,0.0,0.0,184,Longchamps,toallero,baño,60cm,Nuevo,,pino,machuca,,,32000.00,0.00,4,0,,734,Vidriera,toallero,baño,40cm,Nuevo,,pino,machuca,,,26000.00,0.00,1,0,
producto,0.9783,1.0,1.0,0.75,1.0,1.0,1.0,1.0,1.0,1.0,1.0,6000.0,0.1579,0.0,0.0,184,Longchamps,toallero,baño,60cm,Nuevo,,pino,machuca,,,32000.00,0.00,4,0,,732,Vidriera,toallero,baño,80cm,Nuevo,,pino,machuca,,,38000.00,0.00,0,0,
producto,0.9783,1.0,1.0,0.75,1.0,1.0,1.0,1.0,1.0,1.0,1.0,12000.0,0.3158,0.0,0.0,185,Longchamps,toallero,baño,80cm,Nuevo,,pino,machuca,,,38000.00,0.00,3,0,,183,Longchamps,toallero,baño,40cm,Nuevo,,pino,machuca,,,26000.00,0.00,1,0,
producto,0.9783,1.0,1.0,0.75,1.0,1.0,1.0,1.0,1.0,1.0,1.0,12000.0,0.3158,0.0,0.0,185,Longchamps,toallero,baño,80cm,Nuevo,,pino,machuca,,,38000.00,0.00,3,0,,734,Vidriera,toallero,baño,40cm,Nuevo,,pino,machuca,,,26000.00,0.00,1,0,
producto,0.9783,1.0,1.0,0.75,1.0,1.0,1.0,1.0,1.0,1.0,1.0,6000.0,0.1579,0.0,0.0,185,Longchamps,toallero,baño,80cm,Nuevo,,pino,machuca,,,38000.00,0.00,3,0,,733,Vidriera,toallero,baño,60cm,Nuevo,,pino,machuca,,,32000.00,0.00,2,0,
producto,0.9783,1.0,1.0,0.75,1.0,1.0,1.0,1.0,1.0,1.0,1.0,6000.0,0.1875,0.0,0.0,183,Longchamps,toallero,baño,40cm,Nuevo,,pino,machuca,,,26000.00,0.00,1,0,,733,Vidriera,toallero,baño,60cm,Nuevo,,pino,machuca,,,32000.00,0.00,2,0,
producto,0.9783,1.0,1.0,0.75,1.0,1.0,1.0,1.0,1.0,1.0,1.0,12000.0,0.3158,0.0,0.0,183,Longchamps,toallero,baño,40cm,Nuevo,,pino,machuca,,,26000.00,0.00,1,0,,732,Vidriera,toallero,baño,80cm,Nuevo,,pino,machuca,,,38000.00,0.00,0,0,
producto,0.9783,1.0,1.0,0.75,1.0,1.0,1.0,1.0,1.0,1.0,1.0,6000.0,0.1875,0.0,0.0,734,Vidriera,toallero,baño,40cm,Nuevo,,pino,machuca,,,26000.00,0.00,1,0,,733,Vidriera,toallero,baño,60cm,Nuevo,,pino,machuca,,,32000.00,0.00,2,0,
producto,0.9783,1.0,1.0,0.75,1.0,1.0,1.0,1.0,1.0,1.0,1.0,12000.0,0.3158,0.0,0.0,734,Vidriera,toallero,baño,40cm,Nuevo,,pino,machuca,,,26000.00,0.00,1,0,,732,Vidriera,toallero,baño,80cm,Nuevo,,pino,machuca,,,38000.00,0.00,0,0,
producto,0.9783,1.0,1.0,0.75,1.0,1.0,1.0,1.0,1.0,1.0,1.0,6000.0,0.1579,0.0,0.0,733,Vidriera,toallero,baño,60cm,Nuevo,,pino,machuca,,,32000.00,0.00,2,0,,732,Vidriera,toallero,baño,80cm,Nuevo,,pino,machuca,,,38000.00,0.00,0,0,
producto,0.9783,1.0,1.0,0.75,1.0,1.0,1.0,1.0,1.0,1.0,1.0,33000.0,0.3014,0.0,0.0,3,Estacion,despensero,cocina,40cm,Nuevo,,pino,pinitos,,,76500.00,0.00,1,0,,2,Estacion,despensero,cocina,80cm,Nuevo,,pino,pinitos,,,109500.00,0.00,1,0,
producto,0.9783,1.0,1.0,0.75,1.0,1.0,1.0,1.0,1.0,1.0,1.0,33000.0,0.3014,0.0,0.0,3,Estacion,despensero,cocina,40cm,Nuevo,,pino,pinitos,,,76500.00,0.00,1,0,,161,Longchamps,despensero,cocina,80cm,Nuevo,,pino,pinitos,,,109500.00,0.00,3,0,
producto,0.9783,1.0,1.0,0.75,1.0,1.0,1.0,1.0,1.0,1.0,1.0,33000.0,0.3014,0.0,0.0,3,Estacion,despensero,cocina,40cm,Nuevo,,pino,pinitos,,,76500.00,0.00,1,0,,362,Vidriera,despensero,cocina,80cm,Nuevo,,pino,pinitos,,,109500.00,0.00,1,0,
producto,0.9783,1.0,1.0,0.75,1.0,1.0,1.0,1.0,1.0,1.0,1.0,33000.0,0.3014,0.0,0.0,162,Longchamps,despensero,cocina,40cm,Nuevo,,pino,pinitos,,,76500.00,0.00,3,0,,2,Estacion,despensero,cocina,80cm,Nuevo,,pino,pinitos,,,109500.00,0.00,1,0,
producto,0.9783,1.0,1.0,0.75,1.0,1.0,1.0,1.0,1.0,1.0,1.0,33000.0,0.3014,0.0,0.0,162,Longchamps,despensero,cocina,40cm,Nuevo,,pino,pinitos,,,76500.00,0.00,3,0,,161,Longchamps,despensero,cocina,80cm,Nuevo,,pino,pinitos,,,109500.00,0.00,3,0,
producto,0.9783,1.0,1.0,0.75,1.0,1.0,1.0,1.0,1.0,1.0,1.0,33000.0,0.3014,0.0,0.0,162,Longchamps,despensero,cocina,40cm,Nuevo,,pino,pinitos,,,76500.00,0.00,3,0,,362,Vidriera,despensero,cocina,80cm,Nuevo,,pino,pinitos,,,109500.00,0.00,1,0,
producto,0.9783,1.0,1.0,0.75,1.0,1.0,1.0,1.0,1.0,1.0,1.0,33000.0,0.3014,0.0,0.0,361,Vidriera,despensero,cocina,40cm,Nuevo,,pino,pinitos,,,76500.00,0.00,0,0,,2,Estacion,despensero,cocina,80cm,Nuevo,,pino,pinitos,,,109500.00,0.00,1,0,
producto,0.9783,1.0,1.0,0.75,1.0,1.0,1.0,1.0,1.0,1.0,1.0,33000.0,0.3014,0.0,0.0,361,Vidriera,despensero,cocina,40cm,Nuevo,,pino,pinitos,,,76500.00,0.00,0,0,,161,Longchamps,despensero,cocina,80cm,Nuevo,,pino,pinitos,,,109500.00,0.00,3,0,
producto,0.9783,1.0,1.0,0.75,1.0,1.0,1.0,1.0,1.0,1.0,1.0,33000.0,0.3014,0.0,0.0,361,Vidriera,despensero,cocina,40cm,Nuevo,,pino,pinitos,,,76500.00,0.00,0,0,,362,Vidriera,despensero,cocina,80cm,Nuevo,,pino,pinitos,,,109500.00,0.00,1,0,
producto,0.9783,1.0,1.0,0.75,1.0,1.0,1.0,1.0,1.0,1.0,1.0,3000.0,0.0952,0.0,0.0,49,Estacion,quesera,cocina,60cm,Nuevo,,,machuca,,,31500.00,0.00,1,0,,48,Estacion,quesera,cocina,40cm,Nuevo,,,machuca,,,28500.00,0.00,1,0,
producto,0.9783,1.0,1.0,0.75,1.0,1.0,1.0,1.0,1.0,1.0,1.0,3000.0,0.0952,0.0,0.0,181,Longchamps,quesera,cocina,40cm,Nuevo,,pino,quesera,,,28500.00,0.00,8,0,,182,Longchamps,quesera,cocina,60cm,Nuevo,,pino,quesera,,,31500.00,0.00,5,0,
producto,0.9783,1.0,1.0,0.75,1.0,1.0,1.0,1.0,1.0,1.0,1.0,5300.0,0.1054,0.0,0.0,142,Longchamps,biblioteca,living,60cm,Nuevo,,pino,pinitos,,,45000.00,0.00,1,0,,143,Longchamps,biblioteca,living,80cm,Nuevo,,pino,pinitos,,,50300.00,0.00,1,0,
producto,0.9783,1.0,1.0,0.75,1.0,1.0,1.0,1.0,1.0,1.0,1.0,5300.0,0.1054,0.0,0.0,142,Longchamps,biblioteca,living,60cm,Nuevo,,pino,pinitos,,,45000.00,0.00,1,0,,368,Vidriera,biblioteca,living,80cm,Nuevo,,pino,pinitos,,,50300.00,0.00,1,0,
producto,0.9783,1.0,1.0,0.75,1.0,1.0,1.0,1.0,1.0,1.0,1.0,6700.0,0.1489,0.0,0.0,142,Longchamps,biblioteca,living,60cm,Nuevo,,pino,pinitos,,,45000.00,0.00,1,0,,141,Longchamps,biblioteca,living,40cm,Nuevo,,pino,pinitos,,,38300.00,0.00,2,0,
producto,0.9783,1.0,1.0,0.75,1.0,1.0,1.0,1.0,1.0,1.0,1.0,6700.0,0.1489,0.0,0.0,142,Longchamps,biblioteca,living,60cm,Nuevo,,pino,pinitos,,,45000.00,0.00,1,0,,366,Vidriera,biblioteca,living,40cm,Nuevo,,pino,pinitos,,,38300.00,0.00,1,0,
producto,0.9783,1.0,1.0,0.75,1.0,1.0,1.0,1.0,1.0,1.0,1.0,5300.0,0.1054,0.0,0.0,367,Vidriera,biblioteca,living,60cm,Nuevo,,pino,pinitos,,,45000.00,0.00,1,0,,143,Longchamps,biblioteca,living,80cm,Nuevo,,pino,pinitos,,,50300.00,0.00,1,0,
producto,0.9783,1.0,1.0,0.75,1.0,1.0,1.0,1.0,1.0,1.0,1.0,5300.0,0.1054,0.0,0.0,367,Vidriera,biblioteca,living,60cm,Nuevo,,pino,pinitos,,,45000.00,0.00,1,0,,368,Vidriera,biblioteca,living,80cm,Nuevo,,pino,pinitos,,,50300.00,0.00,1,0,
producto,0.9783,1.0,1.0,0.75,1.0,1.0,1.0,1.0,1.0,1.0,1.0,6700.0,0.1489,0.0,0.0,367,Vidriera,biblioteca,living,60cm,Nuevo,,pino,pinitos,,,45000.00,0.00,1,0,,141,Longchamps,biblioteca,living,40cm,Nuevo,,pino,pinitos,,,38300.00,0.00,2,0,
producto,0.9783,1.0,1.0,0.75,1.0,1.0,1.0,1.0,1.0,1.0,1.0,6700.0,0.1489,0.0,0.0,367,Vidriera,biblioteca,living,60cm,Nuevo,,pino,pinitos,,,45000.00,0.00,1,0,,366,Vidriera,biblioteca,living,40cm,Nuevo,,pino,pinitos,,,38300.00,0.00,1,0,
producto,0.9783,1.0,1.0,0.75,1.0,1.0,1.0,1.0,1.0,1.0,1.0,12000.0,0.2386,0.0,0.0,143,Longchamps,biblioteca,living,80cm,Nuevo,,pino,pinitos,,,50300.00,0.00,1,0,,141,Longchamps,biblioteca,living,40cm,Nuevo,,pino,pinitos,,,38300.00,0.00,2,0,
producto,0.9783,1.0,1.0,0.75,1.0,1.0,1.0,1.0,1.0,1.0,1.0,12000.0,0.2386,0.0,0.0,143,Longchamps,biblioteca,living,80cm,Nuevo,,pino,pinitos,,,50300.00,0.00,1,0,,366,Vidriera,biblioteca,living,40cm,Nuevo,,pino,pinitos,,,38300.00,0.00,1,0,
producto,0.9783,1.0,1.0,0.75,1.0,1.0,1.0,1.0,1.0,1.0,1.0,12000.0,0.2386,0.0,0.0,368,Vidriera,biblioteca,living,80cm,Nuevo,,pino,pinitos,,,50300.00,0.00,1,0,,141,Longchamps,biblioteca,living,40cm,Nuevo,,pino,pinitos,,,38300.00,0.00,2,0,
producto,0.9783,1.0,1.0,0.75,1.0,1.0,1.0,1.0,1.0,1.0,1.0,12000.0,0.2386,0.0,0.0,368,Vidriera,biblioteca,living,80cm,Nuevo,,pino,pinitos,,,50300.00,0.00,1,0,,366,Vidriera,biblioteca,living,40cm,Nuevo,,pino,pinitos,,,38300.00,0.00,1,0,
producto,0.9783,1.0,1.0,0.75,1.0,1.0,1.0,1.0,1.0,1.0,1.0,3500.0,0.0875,0.0,0.0,172,Longchamps,mesa,comedor,70cm,Nuevo,,pino,ramon,,,36500.00,0.00,1,0,,30,Estacion,mesa,comedor,80cm,Nuevo,,pino,ramon,,,40000.00,0.00,1,0,
producto,0.9783,1.0,1.0,0.75,1.0,1.0,1.0,1.0,1.0,1.0,1.0,3500.0,0.0875,0.0,0.0,172,Longchamps,mesa,comedor,70cm,Nuevo,,pino,ramon,,,36500.00,0.00,1,0,,584,Estacion,mesa,comedor,40cm,Nuevo,,pino,ramon,,,40000.00,0.00,1,0,
producto,0.9783,1.0,1.0,0.75,1.0,1.0,1.0,1.0,1.0,1.0,1.0,3500.0,0.0875,0.0,0.0,29,Estacion,mesa,comedor,70cm,Nuevo,,pino,ramon,,,36500.00,0.00,1,0,,30,Estacion,mesa,comedor,80cm,Nuevo,,pino,ramon,,,40000.00,0.00,1,0,
producto,0.9783,1.0,1.0,0.75,1.0,1.0,1.0,1.0,1.0,1.0,1.0,3500.0,0.0875,0.0,0.0,29,Estacion,mesa,comedor,70cm,Nuevo,,pino,ramon,,,36500.00,0.00,1,0,,584,Estacion,mesa,comedor,40cm,Nuevo,,pino,ramon,,,40000.00,0.00,1,0,
producto,0.9783,1.0,1.0,0.75,1.0,1.0,1.0,1.0,1.0,1.0,1.0,0.0,0.0,0.0,0.0,30,Estacion,mesa,comedor,80cm,Nuevo,,pino,ramon,,,40000.00,0.00,1,0,,584,Estacion,mesa,comedor,40cm,Nuevo,,pino,ramon,,,40000.00,0.00,1,0,
producto,0.9783,1.0,1.0,0.75,1.0,1.0,1.0,1.0,1.0,1.0,1.0,6800.0,0.1212,0.0,0.0,266,Longchamps,alacena,cocina,40cm,Nuevo,,pino,,,,49300.00,0.00,1,0,,268,Longchamps,alacena,cocina,80cm,Nuevo,,pino,,,,56100.00,0.00,1,0,
producto,0.9783,1.0,1.0,0.75,1.0,1.0,1.0,1.0,1.0,1.0,1.0,15000.0,0.25,0.0,0.0,337,Vidriera,respaldo con boton,dormitorio,2plazas,Nuevo,negro,pana,pelado,,,60000.00,0.00,2,0,,339,Vidriera,respaldo con boton,dormitorio,11/2plaza,Nuevo,negro,pana,pelado,,,45000.00,0.00,1,0,
producto,0.9773,0.913,1.0,1.0,1.0,1.0,1.0,1.0,1.0,1.0,1.0,14000.0,0.1772,0.0,0.0,98,Longchamps,colchon estandar 13alto,dormitorio,1 plaza,Nuevo,,espuma,taurus,,,65000.00,0.00,1,0,,209,Vidriera,colchon standard 17alto,dormitorio,1 plaza,Nuevo,,espuma,taurus,,,79000.00,0.00,1,0,
producto,0.9773,0.913,1.0,1.0,1.0,1.0,1.0,1.0,1.0,1.0,1.0,14000.0,0.1772,0.0,0.0,98,Longchamps,colchon estandar 13alto,dormitorio,1 plaza,Nuevo,,espuma,taurus,,,65000.00,0.00,1,0,,66,Estacion,colchon standard 17alto,dormitorio,1 plaza,Nuevo,,espuma,taurus,,,79000.00,0.00,1,0,
producto,0.9771,1.0,1.0,0.7368,1.0,1.0,1.0,1.0,1.0,1.0,1.0,27700.0,0.4104,0.0,0.0,39,Estacion,cama,dormitorio,2 1/2 plazas,Nuevo,,pino,,,,67500.00,0.00,1,0,,38,Estacion,cama,dormitorio,1 plaza,Nuevo,,pino,,,,39800.00,0.00,1,0,
producto,0.9771,1.0,1.0,0.7368,1.0,1.0,1.0,1.0,1.0,1.0,1.0,27700.0,0.4104,0.0,0.0,39,Estacion,cama,dormitorio,2 1/2 plazas,Nuevo,,pino,,,,67500.00,0.00,1,0,,495,Vidriera,cama,dormitorio,1 plaza,Nuevo,,pino,,,,39800.00,0.00,0,0,
producto,0.9771,1.0,1.0,0.7368,1.0,1.0,1.0,1.0,1.0,1.0,1.0,27700.0,0.4104,0.0,0.0,283,Vidriera,cama,dormitorio,2 1/2 plazas,Nuevo,,pino,,,,67500.00,0.00,1,0,,38,Estacion,cama,dormitorio,1 plaza,Nuevo,,pino,,,,39800.00,0.00,1,0,
producto,0.9771,1.0,1.0,0.7368,1.0,1.0,1.0,1.0,1.0,1.0,1.0,27700.0,0.4104,0.0,0.0,283,Vidriera,cama,dormitorio,2 1/2 plazas,Nuevo,,pino,,,,67500.00,0.00,1,0,,495,Vidriera,cama,dormitorio,1 plaza,Nuevo,,pino,,,,39800.00,0.00,0,0,
producto,0.9771,1.0,1.0,0.7368,1.0,1.0,1.0,1.0,1.0,1.0,1.0,81000.0,0.3227,0.0,0.0,72,Estacion,colchon silver,dormitorio,1 plaza,Nuevo,,resorte,taurus,,,170000.00,0.00,1,0,,83,Estacion,colchon silver,dormitorio,2 1/2 plazas,Nuevo,,resorte,taurus,,,251000.00,0.00,1,0,
producto,0.9771,1.0,1.0,0.7368,1.0,1.0,1.0,1.0,1.0,1.0,1.0,81000.0,0.3227,0.0,0.0,72,Estacion,colchon silver,dormitorio,1 plaza,Nuevo,,resorte,taurus,,,170000.00,0.00,1,0,,113,Longchamps,colchon silver,dormitorio,2 1/2 plazas,Nuevo,,resorte,taurus,,,251000.00,0.00,5,0,
producto,0.9771,1.0,1.0,0.7368,1.0,1.0,1.0,1.0,1.0,1.0,1.0,81000.0,0.3227,0.0,0.0,72,Estacion,colchon silver,dormitorio,1 plaza,Nuevo,,resorte,taurus,,,170000.00,0.00,1,0,,233,Vidriera,colchon silver,dormitorio,2 1/2 plazas,Nuevo,,resorte,taurus,,,251000.00,0.00,2,0,
producto,0.9771,1.0,1.0,0.7368,1.0,1.0,1.0,1.0,1.0,1.0,1.0,81000.0,0.3227,0.0,0.0,212,Vidriera,colchon silver,dormitorio,1 plaza,Nuevo,,resorte,taurus,,,170000.00,0.00,1,0,,83,Estacion,colchon silver,dormitorio,2 1/2 plazas,Nuevo,,resorte,taurus,,,251000.00,0.00,1,0,
producto,0.9771,1.0,1.0,0.7368,1.0,1.0,1.0,1.0,1.0,1.0,1.0,81000.0,0.3227,0.0,0.0,212,Vidriera,colchon silver,dormitorio,1 plaza,Nuevo,,resorte,taurus,,,170000.00,0.00,1,0,,113,Longchamps,colchon silver,dormitorio,2 1/2 plazas,Nuevo,,resorte,taurus,,,251000.00,0.00,5,0,
producto,0.9771,1.0,1.0,0.7368,1.0,1.0,1.0,1.0,1.0,1.0,1.0,81000.0,0.3227,0.0,0.0,212,Vidriera,colchon silver,dormitorio,1 plaza,Nuevo,,resorte,taurus,,,170000.00,0.00,1,0,,233,Vidriera,colchon silver,dormitorio,2 1/2 plazas,Nuevo,,resorte,taurus,,,251000.00,0.00,2,0,
producto,0.9771,1.0,1.0,0.7368,1.0,1.0,1.0,1.0,1.0,1.0,1.0,130000.0,0.3467,0.0,0.0,100,Longchamps,colchon palace con pillow,dormitorio,1 plaza,Nuevo,,resorte,taurus,,,245000.00,0.00,1,0,,235,Vidriera,colchon palace con pillow,dormitorio,2 1/2 plazas,Nuevo,,resorte,taurus,,,375000.00,0.00,2,0,
producto,0.9771,1.0,1.0,0.7368,1.0,1.0,1.0,1.0,1.0,1.0,1.0,130000.0,0.3467,0.0,0.0,70,Estacion,colchon palace con pillow,dormitorio,1 plaza,Nuevo,,resorte,taurus,,,245000.00,0.00,1,0,,235,Vidriera,colchon palace con pillow,dormitorio,2 1/2 plazas,Nuevo,,resorte,taurus,,,375000.00,0.00,2,0,
producto,0.9771,1.0,1.0,0.7368,1.0,1.0,1.0,1.0,1.0,1.0,1.0,110000.0,0.3492,0.0,0.0,217,Vidriera,colchon super lujo,dormitorio,1 plaza,Nuevo,,espuma,taurus,,,205000.00,0.00,2,0,,115,Longchamps,colchon super lujo,dormitorio,2 1/2 plazas,Nuevo,,espuma,taurus,,,315000.00,0.00,7,0,
producto,0.9771,1.0,1.0,0.7368,1.0,1.0,1.0,1.0,1.0,1.0,1.0,110000.0,0.3492,0.0,0.0,217,Vidriera,colchon super lujo,dormitorio,1 plaza,Nuevo,,espuma,taurus,,,205000.00,0.00,2,0,,82,Estacion,colchon super lujo,dormitorio,2 1/2 plazas,Nuevo,,espuma,taurus,,,315000.00,0.00,1,0,
producto,0.9771,1.0,1.0,0.7368,1.0,1.0,1.0,1.0,1.0,1.0,1.0,110000.0,0.3492,0.0,0.0,217,Vidriera,colchon super lujo,dormitorio,1 plaza,Nuevo,,espuma,taurus,,,205000.00,0.00,2,0,,236,Vidriera,colchon super lujo,dormitorio,2 1/2 plazas,Nuevo,,espuma,taurus,,,315000.00,0.00,1,0,
producto,0.9771,1.0,1.0,0.7368,1.0,1.0,1.0,1.0,1.0,1.0,1.0,110000.0,0.3492,0.0,0.0,71,Estacion,colchon super lujo,dormitorio,1 plaza,Nuevo,,espuma,taurus,,,205000.00,0.00,1,0,,115,Longchamps,colchon super lujo,dormitorio,2 1/2 plazas,Nuevo,,espuma,taurus,,,315000.00,0.00,7,0,
producto,0.9771,1.0,1.0,0.7368,1.0,1.0,1.0,1.0,1.0,1.0,1.0,110000.0,0.3492,0.0,0.0,71,Estacion,colchon super lujo,dormitorio,1 plaza,Nuevo,,espuma,taurus,,,205000.00,0.00,1,0,,82,Estacion,colchon super lujo,dormitorio,2 1/2 plazas,Nuevo,,espuma,taurus,,,315000.00,0.00,1,0,
producto,0.9771,1.0,1.0,0.7368,1.0,1.0,1.0,1.0,1.0,1.0,1.0,110000.0,0.3492,0.0,0.0,71,Estacion,colchon super lujo,dormitorio,1 plaza,Nuevo,,espuma,taurus,,,205000.00,0.00,1,0,,236,Vidriera,colchon super lujo,dormitorio,2 1/2 plazas,Nuevo,,espuma,taurus,,,315000.00,0.00,1,0,
producto,0.9771,1.0,1.0,0.7368,1.0,1.0,1.0,1.0,1.0,1.0,1.0,105000.0,0.3333,0.0,0.0,114,Longchamps,colchon palace sin pillow,dormitorio,2 1/2 plazas,Nuevo,,resorte,taurus,,,315000.00,0.00,1,0,,69,Estacion,colchon palace sin pillow,dormitorio,1 plaza,Nuevo,,resorte,taurus,,,210000.00,0.00,1,0,
producto,0.9771,1.0,1.0,0.7368,1.0,1.0,1.0,1.0,1.0,1.0,1.0,165000.0,0.3438,0.0,0.0,160,Longchamps,colchon gold jackard con pillow,dormitorio,2 1/2 plazas,Nuevo,,espuma,taurus,,,480000.00,0.00,2,0,,103,Longchamps,colchon gold jackard con pillow,dormitorio,1 plaza,Nuevo,,espuma,taurus,,,315000.00,0.00,2,0,
producto,0.9771,1.0,1.0,0.7368,1.0,1.0,1.0,1.0,1.0,1.0,1.0,105000.0,0.3333,0.0,0.0,69,Estacion,colchon palace sin pillow,dormitorio,1 plaza,Nuevo,,resorte,taurus,,,210000.00,0.00,1,0,,234,Vidriera,colchon palace sin pillow,dormitorio,2 1/2 plazas,Nuevo,,resorte,taurus,,,315000.00,0.00,2,0,
producto,0.9771,1.0,1.0,0.7368,1.0,1.0,1.0,1.0,1.0,1.0,1.0,130000.0,0.3467,0.0,0.0,84,Estacion,colchon palace doble pillow,dormitorio,2 1/2 plazas,Nuevo,,resorte,taurus,,,375000.00,0.00,1,0,,214,Vidriera,colchon palace doble pillow,dormitorio,1 plaza,Nuevo,,resorte,taurus,,,245000.00,0.00,1,0,
producto,0.9771,1.0,1.0,0.7368,1.0,1.0,1.0,1.0,1.0,1.0,1.0,160000.0,0.3902,0.0,0.0,216,Vidriera,colchon gold jackard,dormitorio,1 plaza,Nuevo,,espuma,taurus,,,250000.00,0.00,1,0,,238,Vidriera,colchon gold jackard,dormitorio,2 1/2 plazas,Nuevo,,espuma,taurus,,,410000.00,0.00,1,0,
producto,0.9771,1.0,1.0,0.7368,1.0,1.0,1.0,1.0,1.0,1.0,1.0,33000.0,0.2075,0.0,0.0,218,Vidriera,box,dormitorio,1 plaza,Nuevo,negro,chenille,taurus,,,126000.00,0.00,2,0,,256,Vidriera,box,dormitorio,2 1/2 plazas,Nuevo,negro,chenille,taurus,,,159000.00,0.00,1,0,
producto,0.9771,1.0,1.0,0.7368,1.0,1.0,1.0,1.0,1.0,1.0,1.0,33000.0,0.2075,0.0,0.0,218,Vidriera,box,dormitorio,1 plaza,Nuevo,negro,chenille,taurus,,,126000.00,0.00,2,0,,96,Longchamps,box,dormitorio,2 1/2 plazas,Nuevo,negro,chenille,taurus,,,159000.00,0.00,26,0,
producto,0.9771,1.0,1.0,0.7368,1.0,1.0,1.0,1.0,1.0,1.0,1.0,33000.0,0.2075,0.0,0.0,94,Longchamps,box,dormitorio,1 plaza,Nuevo,negro,chenille,taurus,,,126000.00,0.00,9,0,,256,Vidriera,box,dormitorio,2 1/2 plazas,Nuevo,negro,chenille,taurus,,,159000.00,0.00,1,0,
producto,0.9771,1.0,1.0,0.7368,1.0,1.0,1.0,1.0,1.0,1.0,1.0,33000.0,0.2075,0.0,0.0,94,Longchamps,box,dormitorio,1 plaza,Nuevo,negro,chenille,taurus,,,126000.00,0.00,9,0,,96,Longchamps,box,dormitorio,2 1/2 plazas,Nuevo,negro,chenille,taurus,,,159000.00,0.00,26,0,
producto,0.9765,0.9355,1.0,1.0,1.0,1.0,1.0,0.9231,1.0,1.0,1.0,70000.0,0.1458,0.0,0.0,102,Longchamps,colchon gold jackard sin pillow,dormitorio,2 1/2 plazas,Nuevo,,espuma,taurus,,,410000.00,0.00,9,0,,240,Vidriera,colchon gold jackard con pillow,dormitorio,2 1/2 plazas,Nuevo,,espuma,taururs,,,480000.00,0.00,1,0,
producto,0.9765,0.9355,1.0,1.0,1.0,1.0,1.0,0.9231,1.0,1.0,1.0,70000.0,0.1458,0.0,0.0,79,Estacion,colchon gold jackard sin pillow,dormitorio,2 1/2 plazas,Nuevo,,espuma,taurus,,,410000.00,0.00,1,0,,240,Vidriera,colchon gold jackard con pillow,dormitorio,2 1/2 plazas,Nuevo,,espuma,taururs,,,480000.00,0.00,1,0,
producto,0.9763,1.0,1.0,1.0,1.0,0.7273,1.0,1.0,1.0,1.0,1.0,0.0,0.0,0.0,0.0,501,Longchamps,alacena,cocina,"1,20m",Nuevo,blanco y avellana,melamina,mosconi,,,121500.00,0.00,1,0,,502,Longchamps,alacena,cocina,"1,20m",Nuevo,blanco y venezia,melamina,mosconi,,,121500.00,0.00,1,0,
producto,0.9751,0.9787,1.0,0.7778,1.0,1.0,1.0,1.0,1.0,1.0,1.0,26000.0,0.2476,0.0,0.0,209,Vidriera,colchon standard 17alto,dormitorio,1 plaza,Nuevo,,espuma,taurus,,,79000.00,0.00,1,0,,76,Estacion,colchon standard 17 alto,dormitorio,1 1/2 plaza,Nuevo,,espuma,taurus,,,105000.00,0.00,2,0,
producto,0.9751,0.9787,1.0,0.7778,1.0,1.0,1.0,1.0,1.0,1.0,1.0,26000.0,0.2476,0.0,0.0,66,Estacion,colchon standard 17alto,dormitorio,1 plaza,Nuevo,,espuma,taurus,,,79000.00,0.00,1,0,,76,Estacion,colchon standard 17 alto,dormitorio,1 1/2 plaza,Nuevo,,espuma,taurus,,,105000.00,0.00,2,0,
producto,0.9749,1.0,1.0,0.7778,1.0,1.0,0.9333,1.0,1.0,1.0,1.0,28000.0,0.1414,0.0,0.0,72,Estacion,colchon silver,dormitorio,1 plaza,Nuevo,,resorte,taurus,,,170000.00,0.00,1,0,,223,Vidriera,colchon silver,dormitorio,1 1/2 plaza,Nuevo,,resortes,taurus,,,198000.00,0.00,0,0,
producto,0.9749,1.0,1.0,0.7778,1.0,1.0,0.9333,1.0,1.0,1.0,1.0,28000.0,0.1414,0.0,0.0,212,Vidriera,colchon silver,dormitorio,1 plaza,Nuevo,,resorte,taurus,,,170000.00,0.00,1,0,,223,Vidriera,colchon silver,dormitorio,1 1/2 plaza,Nuevo,,resortes,taurus,,,198000.00,0.00,0,0,
producto,0.9748,0.9032,1.0,1.0,1.0,1.0,1.0,1.0,1.0,1.0,1.0,211000.0,0.39,0.0,0.0,271,Vidriera,termotanque 80l,electrodomesticos,,Nuevo,,gas,escorial,,,330000.00,0.00,2,0,,273,Vidriera,termotanque 120l,electrodomesticos,,Nuevo,,gas,escorial,,,541000.00,0.00,1,0,
producto,0.9742,0.9565,1.0,0.8333,1.0,1.0,1.0,1.0,1.0,1.0,1.0,69800.0,0.2815,0.0,0.0,442,Vidriera,placard dakar 2 puertas,dormitorio,57x181,Nuevo,bambu,melamina,mosconi,,,178200.00,0.00,1,0,,443,Vidriera,placard dakar 3 puertas,dormitorio,85x181,Nuevo,bambu,melamina,mosconi,,,248000.00,0.00,1,0,
combo,0.9736,1.0,1.0,0.7368,1.0,1.0,1.0,1.0,1.0,1.0,0.9533,190000.0,0.314,0.0,0.0,598,Longchamps,conjunto colchon gold jackard con pillow,conjuntos,2 1/2 plazas,Nuevo,,espuma,taurus,,,605000.00,0.00,0,1,"box|box|2 1 2 plazas|nuevo|negro|taurus:1,colchon gold jackard con pillow|colchones|2 1 2 plazas|nuevo||taurus:1",593,Longchamps,conjunto colchon gold jackard con pillow,conjuntos,1 plaza,Nuevo,,espuma,taurus,,,415000.00,0.00,0,1,"box|box|1 plaza|nuevo|negro|taurus:1,colchon gold jackard con pillow|colchones|1 plaza|nuevo||taurus:1"
producto,0.973,1.0,1.0,1.0,1.0,0.6897,1.0,1.0,1.0,1.0,1.0,0.0,0.0,0.0,0.0,500,Longchamps,alacena,cocina,"1,20m",Nuevo,blanco malta,melamina,mosconi,,,121500.00,0.00,1,0,,501,Longchamps,alacena,cocina,"1,20m",Nuevo,blanco y avellana,melamina,mosconi,,,121500.00,0.00,1,0,
producto,0.973,1.0,1.0,1.0,1.0,0.6897,1.0,1.0,1.0,1.0,1.0,0.0,0.0,0.0,0.0,507,Longchamps,bajo mesada,cocina,"1,20m",Nuevo,blanco malta,melamina,mosconi,,,176000.00,0.00,1,0,,509,Longchamps,bajo mesada,cocina,"1,20m",Nuevo,blanco y avellana,melamina,mosconi,,,176000.00,0.00,1,0,
combo,0.9729,1.0,1.0,0.7368,1.0,1.0,1.0,1.0,1.0,1.0,0.9488,190000.0,0.314,0.0,0.0,593,Longchamps,conjunto colchon gold jackard con pillow,conjuntos,1 plaza,Nuevo,,espuma,taurus,,,415000.00,0.00,0,1,"box|box|1 plaza|nuevo|negro|taurus:1,colchon gold jackard con pillow|colchones|1 plaza|nuevo||taurus:1",635,Vidriera,conjunto colchon gold jackard con pillow,conjuntos,2 1/2 plazas,Nuevo,,espuma,taurus,,,605000.00,0.00,0,1,"box|box|2 1 2 plazas|nuevo|negro|taurus:1,colchon gold jackard con pillow|colchones|2 1 2 plazas|nuevo||taururs:1"
producto,0.9722,0.9474,1.0,1.0,1.0,1.0,1.0,0.8387,1.0,1.0,1.0,0.0,0.0,0.0,0.0,295,Vidriera,silla abby,comedor,,Nuevo,,caño,seleccion muebres,,,90000.00,0.00,6,0,,682,Longchamps,silla aby,comedor,,Nuevo,,caño,seccion mueble,,,90000.00,0.00,6,0,
combo,0.972,0.9615,1.0,0.8,1.0,1.0,1.0,1.0,1.0,1.0,0.9688,77000.0,0.2299,0.0,0.0,456,Longchamps,"combo bajo,alacena y mesada",cocina,"1,60m",Nuevo,.,pino,.,,,335000.00,0.00,0,1,"alacena|mueble|1 60m|nuevo||:1,bajo mesada|mueble|1 60m|nuevo||:1,mesada|mesadas|1 60m|nuevo||:1",457,Longchamps,"combo bajo,alacena,mesada",cocina,"1,20m",Nuevo,.,pino,.,,,258000.00,0.00,0,1,"alacena|mueble|1 20m|nuevo||:1,bajo mesada|mueble|1 20m|nuevo||:1,mesada|mesadas|1 20m|nuevo||:1"
combo,0.972,0.9615,1.0,0.8,1.0,1.0,1.0,1.0,1.0,1.0,0.9688,37000.0,0.1254,0.0,0.0,458,Longchamps,"combo bajo,alacena y mesada",cocina,"1,40m",Nuevo,.,pino,.,,,295000.00,0.00,0,1,"alacena|mueble|1 40m|nuevo||:1,bajo mesada|mueble|1 40m|nuevo||:1,mesada|mesadas|1 40m|nuevo||:1",457,Longchamps,"combo bajo,alacena,mesada",cocina,"1,20m",Nuevo,.,pino,.,,,258000.00,0.00,0,1,"alacena|mueble|1 20m|nuevo||:1,bajo mesada|mueble|1 20m|nuevo||:1,mesada|mesadas|1 20m|nuevo||:1"
producto,0.9716,1.0,1.0,0.75,1.0,1.0,1.0,0.9231,1.0,1.0,1.0,0.0,0.0,0.0,0.0,20,Estacion,porta micro bajo,cocina,60cm,Nuevo,,pino,pinitos,,,85500.00,0.00,1,0,,379,Vidriera,porta micro bajo,cocina,80cm,Nuevo,,pino,pinito,,,85500.00,0.00,1,0,
producto,0.971,1.0,1.0,0.6667,1.0,1.0,1.0,1.0,1.0,1.0,1.0,16500.0,0.292,0.0,0.0,175,Longchamps,mesa,comedor,"1,40m",Nuevo,,pino,ramon,,,56500.00,0.00,3,0,,584,Estacion,mesa,comedor,40cm,Nuevo,,pino,ramon,,,40000.00,0.00,1,0,
producto,0.971,1.0,1.0,0.6667,1.0,1.0,1.0,1.0,1.0,1.0,1.0,16500.0,0.292,0.0,0.0,411,Estacion,mesa,comedor,"1,40m",Nuevo,,pino,ramon,,,56500.00,0.00,1,0,,584,Estacion,mesa,comedor,40cm,Nuevo,,pino,ramon,,,40000.00,0.00,1,0,
producto,0.971,1.0,1.0,0.6667,1.0,1.0,1.0,1.0,1.0,1.0,1.0,24000.0,0.375,0.0,0.0,30,Estacion,mesa,comedor,80cm,Nuevo,,pino,ramon,,,40000.00,0.00,1,0,,177,Longchamps,mesa,comedor,"1,80m",Nuevo,,pino,ramon,,,64000.00,0.00,2,0,
producto,0.971,1.0,1.0,0.6667,1.0,1.0,1.0,1.0,1.0,1.0,1.0,17000.0,0.2429,0.0,0.0,139,Longchamps,cajonera asia,dormitorio,"1,0x1,0m",Nuevo,,pino,ramon,,,70000.00,0.00,6,0,,140,Longchamps,cajonera asia,dormitorio,"0,90x0,80m",Nuevo,,pino,ramon,,,53000.00,0.00,3,0,
producto,0.971,1.0,1.0,0.6667,1.0,1.0,1.0,1.0,1.0,1.0,1.0,33200.0,0.4024,0.0,0.0,279,Longchamps,alacena,cocina,"1,40m",Nuevo,,pino,,,,82500.00,0.00,2,0,,266,Longchamps,alacena,cocina,40cm,Nuevo,,pino,,,,49300.00,0.00,1,0,
producto,0.971,1.0,1.0,1.0,1.0,0.6667,1.0,1.0,1.0,1.0,1.0,0.0,0.0,0.0,0.0,500,Longchamps,alacena,cocina,"1,20m",Nuevo,blanco malta,melamina,mosconi,,,121500.00,0.00,1,0,,503,Longchamps,alacena,cocina,"1,20m",Nuevo,blanco,melamina,mosconi,,,121500.00,0.00,1,0,
producto,0.971,1.0,1.0,0.6667,1.0,1.0,1.0,1.0,1.0,1.0,1.0,56900.0,0.4922,0.0,0.0,258,Longchamps,bajo mesada,cocina,40cm,Nuevo,,pino,,,,58700.00,0.00,1,0,,262,Longchamps,bajo mesada,cocina,"1,40m",Nuevo,,pino,,,,115600.00,0.00,1,0,
producto,0.971,1.0,1.0,1.0,1.0,0.6667,1.0,1.0,1.0,1.0,1.0,0.0,0.0,0.0,0.0,507,Longchamps,bajo mesada,cocina,"1,20m",Nuevo,blanco malta,melamina,mosconi,,,176000.00,0.00,1,0,,508,Longchamps,bajo mesada,cocina,"1,20m",Nuevo,blanco,melamina,mosconi,,,176000.00,0.00,2,0,
producto,0.971,1.0,1.0,1.0,1.0,0.6667,1.0,1.0,1.0,1.0,1.0,0.0,0.0,0.0,0.0,525,Longchamps,aparador de cocina,cocina,"1,20m",Nuevo,blanco,melamina,mosconi,,,385700.00,0.00,2,0,,526,Longchamps,aparador de cocina,cocina,"1,20m",Nuevo,blanco malta,melamina,mosconi,,,385700.00,0.00,1,0,
combo,0.9707,0.9143,1.0,0.9231,1.0,1.0,1.0,1.0,1.0,1.0,0.9691,0.0,0.0,0.0,0.0,603,Longchamps,conjunto colchon palace con pillow,conjuntos,1plaza,Nuevo,,resorte,taurus,,,346000.00,0.00,0,1,"box|box|1 plaza|nuevo|negro|taurus:1,colchon palace con pillow|colchones|1 plaza|nuevo||taurus:1",627,Vidriera,conjunto colchon palace doble pillow,conjuntos,1 plaza,Nuevo,,resorte,taurus,,,346000.00,0.00,0,1,"box|box|1 plaza|nuevo|negro|taurus:1,colchon palace doble pillow|colchones|1 plaza|nuevo||taurus:1"
producto,0.9704,1.0,1.0,0.7368,1.0,1.0,1.0,0.9231,1.0,1.0,1.0,165000.0,0.3438,0.0,0.0,103,Longchamps,colchon gold jackard con pillow,dormitorio,1 plaza,Nuevo,,espuma,taurus,,,315000.00,0.00,2,0,,240,Vidriera,colchon gold jackard con pillow,dormitorio,2 1/2 plazas,Nuevo,,espuma,taururs,,,480000.00,0.00,1,0,
producto,0.9701,0.973,1.0,0.7368,1.0,1.0,1.0,1.0,1.0,1.0,1.0,45000.0,0.3947,0.0,0.0,68,Estacion,colchon eco 17alto,dormitorio,1 plaza,Nuevo,,espuma,taurus,,,69000.00,0.00,1,0,,739,Longchamps,colchon eco 17 alto,dormitorio,2 1/2 plazas,Nuevo,,espuma,taurus,,,114000.00,0.00,1,0,
producto,0.9701,0.973,1.0,0.7368,1.0,1.0,1.0,1.0,1.0,1.0,1.0,45000.0,0.3947,0.0,0.0,206,Vidriera,colchon eco 17alto,dormitorio,1 plaza,Nuevo,,espuma,taurus,,,69000.00,0.00,1,0,,739,Longchamps,colchon eco 17 alto,dormitorio,2 1/2 plazas,Nuevo,,espuma,taurus,,,114000.00,0.00,1,0,
producto,0.9693,0.9565,1.0,0.7778,1.0,1.0,1.0,1.0,1.0,1.0,1.0,40000.0,0.381,0.0,0.0,65,Estacion,colchon standard 13alto,dormitorio,1 plaza,Nuevo,,espuma,taurus,,,65000.00,0.00,3,0,,220,Vidriera,colchon standard 17alto,dormitorio,1 1/2 plaza,Nuevo,,espuma,taurus,,,105000.00,0.00,2,0,
producto,0.9693,0.9565,1.0,0.7778,1.0,1.0,1.0,1.0,1.0,1.0,1.0,40000.0,0.381,0.0,0.0,207,Vidriera,colchon standard 13alto,dormitorio,1 plaza,Nuevo,,espuma,taurus,,,65000.00,0.00,2,0,,220,Vidriera,colchon standard 17alto,dormitorio,1 1/2 plaza,Nuevo,,espuma,taurus,,,105000.00,0.00,2,0,
producto,0.9687,1.0,1.0,1.0,1.0,0.64,1.0,1.0,1.0,1.0,1.0,500.0,0.0041,0.0,0.0,501,Longchamps,alacena,cocina,"1,20m",Nuevo,blanco y avellana,melamina,mosconi,,,121500.00,0.00,1,0,,519,Vidriera,alacena,cocina,"1,20m",Nuevo,avellana,melamina,mosconi,,,122000.00,0.00,1,0,
producto,0.9686,1.0,1.0,0.8889,1.0,0.75,1.0,1.0,1.0,1.0,1.0,167000.0,0.586,0.0,0.0,154,Estacion,bicicleta,deportes,"Rodado 26""",Nuevo,roja,caño,futura,,,285000.00,0.00,1,0,,151,Estacion,bicicleta,deportes,"Rodado 12""",Nuevo,rosa,caño,futura,,,118000.00,0.00,1,0,
producto,0.9678,0.96,1.0,1.0,1.0,1.0,1.0,0.75,1.0,1.0,1.0,500.0,0.0048,0.0,0.0,303,Vidriera,sillas issusi,comedor,,Nuevo,,caño,lucy,,,103500.00,0.00,6,0,,685,Longchamps,silla issusi,comedor,,Nuevo,,caño,luci,,,104000.00,0.00,6,0,
producto,0.9678,0.92,1.0,0.8696,1.0,1.0,1.0,1.0,1.0,1.0,1.0,130000.0,0.3467,0.0,0.0,235,Vidriera,colchon palace con pillow,dormitorio,2 1/2 plazas,Nuevo,,resorte,taurus,,,375000.00,0.00,2,0,,107,Longchamps,colchon palace sin pillow,dormitorio,1 1/2 plaza,Nuevo,,resorte,taurus,,,245000.00,0.00,1,0,
producto,0.9678,0.92,1.0,0.8696,1.0,1.0,1.0,1.0,1.0,1.0,1.0,130000.0,0.3467,0.0,0.0,235,Vidriera,colchon palace con pillow,dormitorio,2 1/2 plazas,Nuevo,,resorte,taurus,,,375000.00,0.00,2,0,,224,Vidriera,colchon palace sin pillow,dormitorio,1 1/2 plaza,Nuevo,,resorte,taurus,,,245000.00,0.00,1,0,
combo,0.9668,1.0,1.0,0.6087,1.0,1.0,1.0,1.0,1.0,1.0,0.9714,65000.0,0.1461,0.0,0.0,606,Longchamps,conjunto colchon palace sin pillow,conjuntos,1 1/2 plaza,Nuevo,,resorte,taurus,,,380000.00,0.00,0,1,"box|box|1 1 2 plaza|nuevo|negro|taurus:1,colchon palace sin pillow|colchones|1 1 2 plaza|nuevo||taurus:1",607,Longchamps,conjunto colchon palace sin pillow,conjuntos,2 plazas 1/2,Nuevo,,resorte,taurus,,,445000.00,0.00,0,1,"box|box|2 1 2 plazas|nuevo|negro|taurus:1,colchon palace sin pillow|colchones|2 1 2 plazas|nuevo||taurus:1"
producto,0.9662,0.9444,1.0,0.7778,1.0,1.0,1.0,1.0,1.0,1.0,1.0,33000.0,0.3837,0.0,0.0,97,Longchamps,colchon eco 13alto,dormitorio,1 plaza,Nuevo,,espuma,taurus,,,53000.00,0.00,6,0,,105,Longchamps,colchon eco 17alto,dormitorio,1 1/2 plaza,Nuevo,,espuma,taurus,,,86000.00,0.00,1,0,
producto,0.9662,0.9444,1.0,0.7778,1.0,1.0,1.0,1.0,1.0,1.0,1.0,33000.0,0.3837,0.0,0.0,97,Longchamps,colchon eco 13alto,dormitorio,1 plaza,Nuevo,,espuma,taurus,,,53000.00,0.00,6,0,,219,Vidriera,colchon eco 17alto,dormitorio,1 1/2 plaza,Nuevo,,espuma,taurus,,,86000.00,0.00,2,0,
producto,0.9662,0.9444,1.0,0.7778,1.0,1.0,1.0,1.0,1.0,1.0,1.0,33000.0,0.3837,0.0,0.0,105,Longchamps,colchon eco 17alto,dormitorio,1 1/2 plaza,Nuevo,,espuma,taurus,,,86000.00,0.00,1,0,,67,Estacion,colchon eco 13alto,dormitorio,1 plaza,Nuevo,,espuma,taurus,,,53000.00,0.00,1,0,
producto,0.9662,0.9444,1.0,0.7778,1.0,1.0,1.0,1.0,1.0,1.0,1.0,33000.0,0.3837,0.0,0.0,105,Longchamps,colchon eco 17alto,dormitorio,1 1/2 plaza,Nuevo,,espuma,taurus,,,86000.00,0.00,1,0,,205,Vidriera,colchon eco 13alto,dormitorio,1 plaza,Nuevo,,espuma,taurus,,,53000.00,0.00,3,0,
producto,0.9662,0.9444,1.0,0.7778,1.0,1.0,1.0,1.0,1.0,1.0,1.0,33000.0,0.3837,0.0,0.0,219,Vidriera,colchon eco 17alto,dormitorio,1 1/2 plaza,Nuevo,,espuma,taurus,,,86000.00,0.00,2,0,,67,Estacion,colchon eco 13alto,dormitorio,1 plaza,Nuevo,,espuma,taurus,,,53000.00,0.00,1,0,
producto,0.9662,0.9444,1.0,0.7778,1.0,1.0,1.0,1.0,1.0,1.0,1.0,33000.0,0.3837,0.0,0.0,219,Vidriera,colchon eco 17alto,dormitorio,1 1/2 plaza,Nuevo,,espuma,taurus,,,86000.00,0.00,2,0,,205,Vidriera,colchon eco 13alto,dormitorio,1 plaza,Nuevo,,espuma,taurus,,,53000.00,0.00,3,0,
producto,0.9657,0.9455,1.0,0.7692,1.0,1.0,1.0,1.0,1.0,1.0,1.0,105500.0,0.2207,0.0,0.0,450,Vidriera,placar dakar plus 8 puertas,dormitorio,140x214,Nuevo,malta,melamina,mosconi,,,478000.00,0.00,1,0,,448,Vidriera,placard dakar plus 6 puertas,dormitorio,1mx214,Nuevo,malta,melamina,mosconi,,,372500.00,0.00,1,0,
producto,0.9652,1.0,1.0,1.0,1.0,1.0,1.0,0.6,1.0,1.0,1.0,0.0,0.0,0.0,0.0,828,Longchamps,taladro percutor,herramientas,,Nuevo,rojo,,ohama,,,100000.00,0.00,1,0,,419,Vidriera,taladro percutor,herramientas,,Nuevo,rojo,,omaha,,,100000.00,0.00,1,0,
producto,0.9652,1.0,1.0,0.6,1.0,1.0,1.0,1.0,1.0,1.0,1.0,108700.0,0.2818,0.0,0.0,525,Longchamps,aparador de cocina,cocina,"1,20m",Nuevo,blanco,melamina,mosconi,,,385700.00,0.00,2,0,,527,Longchamps,aparador de cocina,cocina,"0,90m",Nuevo,blanco,melamina,mosconi,,,277000.00,0.00,2,0,
combo,0.9648,1.0,1.0,0.6316,1.0,1.0,1.0,1.0,1.0,1.0,0.9468,270000.0,0.4655,0.0,0.0,601,Longchamps,conjunto colchon super lujo,conjuntos,2 plazas 1/2,Nuevo,,espuma,taurus,,,580000.00,0.00,0,1,"box|box|2 1 2 plazas|nuevo|negro|taurus:1,colchon super lujo|colchones|2 1 2 plazas|nuevo||taurus:1",623,Vidriera,conjunto colchon super lujo,conjuntos,1 plaza,Nuevo,,espuma,taurus,,,310000.00,0.00,0,1,"box|box|1 plaza|nuevo|negro|taurus:1,colchon super lujo|colchones|1 plaza|nuevo||taurus:1"
combo,0.9648,1.0,1.0,0.6316,1.0,1.0,1.0,1.0,1.0,1.0,0.9468,270000.0,0.4655,0.0,0.0,602,Vidriera,conjunto colchon super lujo,conjuntos,2 plazas 1/2,Nuevo,,espuma,taurus,,,580000.00,0.00,0,1,"box|box|2 1 2 plazas|nuevo|negro|taurus:1,colchon super lujo|colchones|2 1 2 plazas|nuevo||taurus:1",623,Vidriera,conjunto colchon super lujo,conjuntos,1 plaza,Nuevo,,espuma,taurus,,,310000.00,0.00,0,1,"box|box|1 plaza|nuevo|negro|taurus:1,colchon super lujo|colchones|1 plaza|nuevo||taurus:1"
producto,0.9644,0.9302,1.0,0.8,1.0,1.0,1.0,1.0,1.0,1.0,1.0,8000.0,0.0667,0.0,0.0,134,Longchamps,ropero chifo 2 puertas,dormitorio,"1,40m",Nuevo,,pino,pinitos,,,120000.00,0.00,1,0,,133,Longchamps,ropero chifo 1 puerta,dormitorio,"1,20m",Nuevo,,pino,pinitos,,,112000.00,0.00,1,0,
producto,0.964,0.9362,1.0,0.7778,1.0,1.0,1.0,1.0,1.0,1.0,1.0,40000.0,0.381,0.0,0.0,65,Estacion,colchon standard 13alto,dormitorio,1 plaza,Nuevo,,espuma,taurus,,,65000.00,0.00,3,0,,76,Estacion,colchon standard 17 alto,dormitorio,1 1/2 plaza,Nuevo,,espuma,taurus,,,105000.00,0.00,2,0,
producto,0.964,0.9362,1.0,0.7778,1.0,1.0,1.0,1.0,1.0,1.0,1.0,40000.0,0.381,0.0,0.0,207,Vidriera,colchon standard 13alto,dormitorio,1 plaza,Nuevo,,espuma,taurus,,,65000.00,0.00,2,0,,76,Estacion,colchon standard 17 alto,dormitorio,1 1/2 plaza,Nuevo,,espuma,taurus,,,105000.00,0.00,2,0,
producto,0.9627,1.0,1.0,0.5714,1.0,1.0,1.0,1.0,1.0,1.0,1.0,3000.0,0.0741,0.0,0.0,327,Vidriera,quesera,cocina,1m,Nuevo,,pino,ramon,,,37500.00,0.00,0,0,,328,Vidriera,quesera,cocina,"1,20m",Nuevo,,pino,ramon,,,40500.00,0.00,1,0,
producto,0.9627,1.0,1.0,0.5714,1.0,1.0,1.0,1.0,1.0,1.0,1.0,15500.0,0.2246,0.0,0.0,173,Longchamps,mesa,comedor,"1,20m",Nuevo,,pino,ramon,,,53500.00,0.00,2,0,,178,Longchamps,mesa,comedor,2m,Nuevo,,pino,ramon,,,69000.00,0.00,1,0,
producto,0.9627,1.0,1.0,0.5714,1.0,1.0,1.0,1.0,1.0,1.0,1.0,3000.0,0.0561,0.0,0.0,173,Longchamps,mesa,comedor,"1,20m",Nuevo,,pino,ramon,,,53500.00,0.00,2,0,,174,Longchamps,mesa,comedor,1m,Nuevo,,pino,ramon,,,50500.00,0.00,3,0,
producto,0.9627,1.0,1.0,0.5714,1.0,1.0,1.0,1.0,1.0,1.0,1.0,15500.0,0.2246,0.0,0.0,412,Estacion,mesa,comedor,"1,20m",Nuevo,,pino,ramon,,,53500.00,0.00,1,0,,178,Longchamps,mesa,comedor,2m,Nuevo,,pino,ramon,,,69000.00,0.00,1,0,
producto,0.9627,1.0,1.0,0.5714,1.0,1.0,1.0,1.0,1.0,1.0,1.0,3000.0,0.0561,0.0,0.0,412,Estacion,mesa,comedor,"1,20m",Nuevo,,pino,ramon,,,53500.00,0.00,1,0,,174,Longchamps,mesa,comedor,1m,Nuevo,,pino,ramon,,,50500.00,0.00,3,0,
producto,0.9627,1.0,1.0,0.5714,1.0,1.0,1.0,1.0,1.0,1.0,1.0,6000.0,0.1062,0.0,0.0,175,Longchamps,mesa,comedor,"1,40m",Nuevo,,pino,ramon,,,56500.00,0.00,3,0,,174,Longchamps,mesa,comedor,1m,Nuevo,,pino,ramon,,,50500.00,0.00,3,0,
producto,0.9627,1.0,1.0,0.5714,1.0,1.0,1.0,1.0,1.0,1.0,1.0,6000.0,0.1062,0.0,0.0,411,Estacion,mesa,comedor,"1,40m",Nuevo,,pino,ramon,,,56500.00,0.00,1,0,,174,Longchamps,mesa,comedor,1m,Nuevo,,pino,ramon,,,50500.00,0.00,3,0,
producto,0.9627,1.0,1.0,0.5714,1.0,1.0,1.0,1.0,1.0,1.0,1.0,9500.0,0.1583,0.0,0.0,176,Longchamps,mesa,comedor,"1,60m",Nuevo,,pino,ramon,,,60000.00,0.00,0,0,,174,Longchamps,mesa,comedor,1m,Nuevo,,pino,ramon,,,50500.00,0.00,3,0,
producto,0.9627,1.0,1.0,0.5714,1.0,1.0,1.0,1.0,1.0,1.0,1.0,13500.0,0.2109,0.0,0.0,174,Longchamps,mesa,comedor,1m,Nuevo,,pino,ramon,,,50500.00,0.00,3,0,,177,Longchamps,mesa,comedor,"1,80m",Nuevo,,pino,ramon,,,64000.00,0.00,2,0,
producto,0.9627,1.0,1.0,0.5714,1.0,1.0,1.0,1.0,1.0,1.0,1.0,0.0,0.0,0.0,0.0,465,Estacion,mesa,comedor,"1,60m",Nuevo,,vidrio,lucy,,,460000.00,0.00,1,0,,286,Vidriera,mesa,comedor,"1,60 x 80",Nuevo,,vidrio,lucy,,,460000.00,0.00,1,0,
producto,0.9627,1.0,1.0,0.5714,1.0,1.0,1.0,1.0,1.0,1.0,1.0,3000.0,0.0561,0.0,0.0,305,Vidriera,mesa eco,comedor,1m,Nuevo,,pino,ramon,,,50500.00,0.00,1,0,,308,Vidriera,mesa eco,comedor,"1,20m",Nuevo,,pino,ramon,,,53500.00,0.00,1,0,
producto,0.9627,1.0,1.0,0.5714,1.0,1.0,1.0,1.0,1.0,1.0,1.0,6000.0,0.1062,0.0,0.0,305,Vidriera,mesa eco,comedor,1m,Nuevo,,pino,ramon,,,50500.00,0.00,1,0,,309,Vidriera,mesa eco,comedor,"1,40m",Nuevo,,pino,ramon,,,56500.00,0.00,1,0,
producto,0.9627,1.0,1.0,0.5714,1.0,1.0,1.0,1.0,1.0,1.0,1.0,8000.0,0.1509,0.0,0.0,187,Longchamps,vestidor,dormitorio,1m,Nuevo,,pino,machuca,,,45000.00,0.00,1,0,,188,Longchamps,vestidor,dormitorio,"1,40m",Nuevo,,pino,machuca,,,53000.00,0.00,5,0,
producto,0.9627,1.0,1.0,0.5714,1.0,1.0,1.0,1.0,1.0,1.0,1.0,8000.0,0.1509,0.0,0.0,187,Longchamps,vestidor,dormitorio,1m,Nuevo,,pino,machuca,,,45000.00,0.00,1,0,,548,Vidriera,vestidor,dormitorio,"1,40m",Nuevo,,pino,machuca,,,53000.00,0.00,1,0,
producto,0.9627,1.0,1.0,0.5714,1.0,1.0,1.0,1.0,1.0,1.0,1.0,21300.0,0.2582,0.0,0.0,279,Longchamps,alacena,cocina,"1,40m",Nuevo,,pino,,,,82500.00,0.00,2,0,,277,Longchamps,alacena,cocina,1m,Nuevo,,pino,,,,61200.00,0.00,1,0,
producto,0.9627,1.0,1.0,0.5714,1.0,1.0,1.0,1.0,1.0,1.0,1.0,34000.0,0.3571,0.0,0.0,280,Longchamps,alacena,cocina,"1,60m",Nuevo,,pino,,,,95200.00,0.00,1,0,,277,Longchamps,alacena,cocina,1m,Nuevo,,pino,,,,61200.00,0.00,1,0,
producto,0.9627,1.0,1.0,1.0,1.0,0.5714,1.0,1.0,1.0,1.0,1.0,0.0,0.0,0.0,0.0,500,Longchamps,alacena,cocina,"1,20m",Nuevo,blanco malta,melamina,mosconi,,,121500.00,0.00,1,0,,502,Longchamps,alacena,cocina,"1,20m",Nuevo,blanco y venezia,melamina,mosconi,,,121500.00,0.00,1,0,
producto,0.9627,1.0,1.0,0.5714,1.0,1.0,1.0,1.0,1.0,1.0,1.0,11900.0,0.1029,0.0,0.0,260,Longchamps,bajo mesada,cocina,1m,Nuevo,,pino,,,,103700.00,0.00,1,0,,262,Longchamps,bajo mesada,cocina,"1,40m",Nuevo,,pino,,,,115600.00,0.00,1,0,
producto,0.9627,1.0,1.0,0.5714,1.0,1.0,1.0,1.0,1.0,1.0,1.0,25500.0,0.1974,0.0,0.0,260,Longchamps,bajo mesada,cocina,1m,Nuevo,,pino,,,,103700.00,0.00,1,0,,263,Longchamps,bajo mesada,cocina,"1,60m",Nuevo,,pino,,,,129200.00,0.00,1,0,
producto,0.9627,1.0,1.0,0.5714,1.0,1.0,1.0,1.0,1.0,1.0,1.0,37400.0,0.2651,0.0,0.0,260,Longchamps,bajo mesada,cocina,1m,Nuevo,,pino,,,,103700.00,0.00,1,0,,264,Longchamps,bajo mesada,cocina,"1,80m",Nuevo,,pino,,,,141100.00,0.00,1,0,
producto,0.9627,1.0,1.0,0.5714,1.0,1.0,1.0,1.0,1.0,1.0,1.0,5000.0,0.0676,0.0,0.0,378,Vidriera,desayunador,cocina,"1,20m",Nuevo,,pino,ramon,,,74000.00,0.00,1,0,,377,Vidriera,desayunador,cocina,1m,Nuevo,,pino,ramon,,,69000.00,0.00,1,0,
producto,0.9627,1.0,1.0,0.5714,1.0,1.0,1.0,1.0,1.0,1.0,1.0,52500.0,0.3182,0.0,0.0,130,Longchamps,bahiut,living,"1,60m",Nuevo,,pino,pinitos,,,165000.00,0.00,2,0,,132,Longchamps,bahiut,living,1m,Nuevo,,pino,pinitos,,,112500.00,0.00,1,0,
producto,0.9627,1.0,1.0,0.5714,1.0,1.0,1.0,1.0,1.0,1.0,1.0,19500.0,0.1477,0.0,0.0,132,Longchamps,bahiut,living,1m,Nuevo,,pino,pinitos,,,112500.00,0.00,1,0,,131,Longchamps,bahiut,living,"1,40m",Nuevo,,pino,pinitos,,,132000.00,0.00,0,0,
combo,0.9611,1.0,1.0,0.5714,1.0,1.0,1.0,1.0,1.0,1.0,0.9516,12000.0,0.0889,0.0,0.0,444,Longchamps,combo bajo y alacena,cocina,1m,Nuevo,",",pino,pinitos,,,123000.00,0.00,0,1,"alacena|mueble|1m|nuevo||:1,bajo mesada|mueble|1m|nuevo||:1",447,Longchamps,combo bajo y alacena,cocina,"1,20m",Nuevo,.,pino,pinitos,,,135000.00,0.00,0,1,"alacena|mueble|1 20m|nuevo||:1,bajo mesada|mueble|1 20m|nuevo||:1"
combo,0.9611,1.0,1.0,0.5714,1.0,1.0,1.0,1.0,1.0,1.0,0.9516,33000.0,0.2115,0.0,0.0,444,Longchamps,combo bajo y alacena,cocina,1m,Nuevo,",",pino,pinitos,,,123000.00,0.00,0,1,"alacena|mueble|1m|nuevo||:1,bajo mesada|mueble|1m|nuevo||:1",449,Longchamps,combo bajo y alacena,cocina,"1,40m",Nuevo,,pino,pinitos,,,156000.00,0.00,0,1,"alacena|mueble|1 40m|nuevo||:1,bajo mesada|mueble|1 40m|nuevo||:1"
combo,0.9611,1.0,1.0,0.5714,1.0,1.0,1.0,1.0,1.0,1.0,0.9516,49500.0,0.287,0.0,0.0,444,Longchamps,combo bajo y alacena,cocina,1m,Nuevo,",",pino,pinitos,,,123000.00,0.00,0,1,"alacena|mueble|1m|nuevo||:1,bajo mesada|mueble|1m|nuevo||:1",451,Longchamps,combo bajo y alacena,cocina,"1,60m",Nuevo,.,pino,pinitos,,,172500.00,0.00,0,1,"alacena|mueble|1 60m|nuevo||:1,bajo mesada|mueble|1 60m|nuevo||:1"
combo,0.9611,1.0,1.0,0.5714,1.0,1.0,1.0,1.0,1.0,1.0,0.9516,90000.0,0.4,0.0,0.0,447,Longchamps,combo bajo y alacena,cocina,"1,20m",Nuevo,.,pino,pinitos,,,135000.00,0.00,0,1,"alacena|mueble|1 20m|nuevo||:1,bajo mesada|mueble|1 20m|nuevo||:1",453,Longchamps,combo bajo y alacena,cocina,2m,Nuevo,.,pino,pinitos,,,225000.00,0.00,0,1,"alacena|mueble|2m|nuevo||:1,bajo mesada|mueble|2m|nuevo||:1"
combo,0.961,1.0,1.0,0.5714,1.0,1.0,1.0,1.0,1.0,1.0,0.9508,104000.0,0.3104,0.0,0.0,456,Longchamps,"combo bajo,alacena y mesada",cocina,"1,60m",Nuevo,.,pino,.,,,335000.00,0.00,0,1,"alacena|mueble|1 60m|nuevo||:1,bajo mesada|mueble|1 60m|nuevo||:1,mesada|mesadas|1 60m|nuevo||:1",459,Longchamps,"combo bajo,alacena y mesada",cocina,1m,Nuevo,.,pino,.,,,231000.00,0.00,0,1,"alacena|mueble|1m|nuevo||:1,bajo mesada|mueble|1m|nuevo||:1,mesada|mesadas|1m|nuevo||:1"
combo,0.961,1.0,1.0,0.5714,1.0,1.0,1.0,1.0,1.0,1.0,0.9508,64000.0,0.2169,0.0,0.0,458,Longchamps,"combo bajo,alacena y mesada",cocina,"1,40m",Nuevo,.,pino,.,,,295000.00,0.00,0,1,"alacena|mueble|1 40m|nuevo||:1,bajo mesada|mueble|1 40m|nuevo||:1,mesada|mesadas|1 40m|nuevo||:1",459,Longchamps,"combo bajo,alacena y mesada",cocina,1m,Nuevo,.,pino,.,,,231000.00,0.00,0,1,"alacena|mueble|1m|nuevo||:1,bajo mesada|mueble|1m|nuevo||:1,mesada|mesadas|1m|nuevo||:1"
producto,0.9605,1.0,1.0,1.0,1.0,0.5455,1.0,1.0,1.0,1.0,1.0,0.0,0.0,0.0,0.0,502,Longchamps,alacena,cocina,"1,20m",Nuevo,blanco y venezia,melamina,mosconi,,,121500.00,0.00,1,0,,503,Longchamps,alacena,cocina,"1,20m",Nuevo,blanco,melamina,mosconi,,,121500.00,0.00,1,0,
producto,0.9605,1.0,1.0,1.0,1.0,0.5455,1.0,1.0,1.0,1.0,1.0,0.0,0.0,0.0,0.0,504,Longchamps,alacena,cocina,"1,40m",Nuevo,blanco,melamina,mosconi,,,143500.00,0.00,1,0,,505,Longchamps,alacena,cocina,"1,40m",Nuevo,blanco y venezia,melamina,mosconi,,,143500.00,0.00,1,0,
producto,0.9603,0.9355,1.0,0.7368,1.0,1.0,1.0,1.0,1.0,1.0,1.0,95000.0,0.2317,0.0,0.0,102,Longchamps,colchon gold jackard sin pillow,dormitorio,2 1/2 plazas,Nuevo,,espuma,taurus,,,410000.00,0.00,9,0,,103,Longchamps,colchon gold jackard con pillow,dormitorio,1 plaza,Nuevo,,espuma,taurus,,,315000.00,0.00,2,0,
producto,0.9603,0.9355,1.0,0.7368,1.0,1.0,1.0,1.0,1.0,1.0,1.0,95000.0,0.2317,0.0,0.0,79,Estacion,colchon gold jackard sin pillow,dormitorio,2 1/2 plazas,Nuevo,,espuma,taurus,,,410000.00,0.00,1,0,,103,Longchamps,colchon gold jackard con pillow,dormitorio,1 plaza,Nuevo,,espuma,taurus,,,315000.00,0.00,2,0,
producto,0.9598,0.92,1.0,0.7778,1.0,1.0,1.0,1.0,1.0,1.0,1.0,0.0,0.0,0.0,0.0,100,Longchamps,colchon palace con pillow,dormitorio,1 plaza,Nuevo,,resorte,taurus,,,245000.00,0.00,1,0,,107,Longchamps,colchon palace sin pillow,dormitorio,1 1/2 plaza,Nuevo,,resorte,taurus,,,245000.00,0.00,1,0,
producto,0.9598,0.92,1.0,0.7778,1.0,1.0,1.0,1.0,1.0,1.0,1.0,0.0,0.0,0.0,0.0,100,Longchamps,colchon palace con pillow,dormitorio,1 plaza,Nuevo,,resorte,taurus,,,245000.00,0.00,1,0,,224,Vidriera,colchon palace sin pillow,dormitorio,1 1/2 plaza,Nuevo,,resorte,taurus,,,245000.00,0.00,1,0,
producto,0.9598,0.92,1.0,0.7778,1.0,1.0,1.0,1.0,1.0,1.0,1.0,0.0,0.0,0.0,0.0,70,Estacion,colchon palace con pillow,dormitorio,1 plaza,Nuevo,,resorte,taurus,,,245000.00,0.00,1,0,,107,Longchamps,colchon palace sin pillow,dormitorio,1 1/2 plaza,Nuevo,,resorte,taurus,,,245000.00,0.00,1,0,
producto,0.9598,0.92,1.0,0.7778,1.0,1.0,1.0,1.0,1.0,1.0,1.0,0.0,0.0,0.0,0.0,70,Estacion,colchon palace con pillow,dormitorio,1 plaza,Nuevo,,resorte,taurus,,,245000.00,0.00,1,0,,224,Vidriera,colchon palace sin pillow,dormitorio,1 1/2 plaza,Nuevo,,resorte,taurus,,,245000.00,0.00,1,0,
combo,0.9597,0.95,1.0,0.7368,1.0,1.0,1.0,1.0,1.0,1.0,0.9346,235000.0,0.3884,0.0,0.0,598,Longchamps,conjunto colchon gold jackard con pillow,conjuntos,2 1/2 plazas,Nuevo,,espuma,taurus,,,605000.00,0.00,0,1,"box|box|2 1 2 plazas|nuevo|negro|taurus:1,colchon gold jackard con pillow|colchones|2 1 2 plazas|nuevo||taurus:1",594,Longchamps,conjunto colchon gold jackard sin pillow,conjuntos,1 plaza,Nuevo,,espuma,taurus,,,370000.00,0.00,0,1,"box|box|1 plaza|nuevo|negro|taurus:1,colchon gold jackard sin pillow|colchones|1 plaza|nuevo||taurus:1"
combo,0.9591,0.95,1.0,0.7368,1.0,1.0,1.0,1.0,1.0,1.0,0.9302,235000.0,0.3884,0.0,0.0,594,Longchamps,conjunto colchon gold jackard sin pillow,conjuntos,1 plaza,Nuevo,,espuma,taurus,,,370000.00,0.00,0,1,"box|box|1 plaza|nuevo|negro|taurus:1,colchon gold jackard sin pillow|colchones|1 plaza|nuevo||taurus:1",635,Vidriera,conjunto colchon gold jackard con pillow,conjuntos,2 1/2 plazas,Nuevo,,espuma,taurus,,,605000.00,0.00,0,1,"box|box|2 1 2 plazas|nuevo|negro|taurus:1,colchon gold jackard con pillow|colchones|2 1 2 plazas|nuevo||taururs:1"
producto,0.9589,1.0,1.0,0.8,1.0,0.7273,1.0,1.0,1.0,1.0,1.0,22000.0,0.1533,0.0,0.0,501,Longchamps,alacena,cocina,"1,20m",Nuevo,blanco y avellana,melamina,mosconi,,,121500.00,0.00,1,0,,505,Longchamps,alacena,cocina,"1,40m",Nuevo,blanco y venezia,melamina,mosconi,,,143500.00,0.00,1,0,
producto,0.9584,1.0,1.0,1.0,1.0,0.5217,1.0,1.0,1.0,1.0,1.0,0.0,0.0,0.0,0.0,501,Longchamps,alacena,cocina,"1,20m",Nuevo,blanco y avellana,melamina,mosconi,,,121500.00,0.00,1,0,,503,Longchamps,alacena,cocina,"1,20m",Nuevo,blanco,melamina,mosconi,,,121500.00,0.00,1,0,
producto,0.9584,1.0,1.0,1.0,1.0,0.5217,1.0,1.0,1.0,1.0,1.0,0.0,0.0,0.0,0.0,508,Longchamps,bajo mesada,cocina,"1,20m",Nuevo,blanco,melamina,mosconi,,,176000.00,0.00,2,0,,509,Longchamps,bajo mesada,cocina,"1,20m",Nuevo,blanco y avellana,melamina,mosconi,,,176000.00,0.00,1,0,
producto,0.958,0.913,1.0,0.7778,1.0,1.0,1.0,1.0,1.0,1.0,1.0,40000.0,0.381,0.0,0.0,98,Longchamps,colchon estandar 13alto,dormitorio,1 plaza,Nuevo,,espuma,taurus,,,65000.00,0.00,1,0,,220,Vidriera,colchon standard 17alto,dormitorio,1 1/2 plaza,Nuevo,,espuma,taurus,,,105000.00,0.00,2,0,
producto,0.958,0.95,1.0,1.0,1.0,0.6667,1.0,1.0,1.0,1.0,1.0,144000.0,0.4768,0.0,0.0,201,Longchamps,placard millenium 24,dormitorio,,Nuevo,tiza,melamina,mosconi,,,302000.00,0.00,1,0,,492,Longchamps,placard millenium 22,dormitorio,,Nuevo,tissa,melamina,mosconi,,,158000.00,0.00,1,0,
combo,0.9579,1.0,1.0,0.5,1.0,1.0,1.0,1.0,1.0,1.0,0.9661,102000.0,0.4533,0.0,0.0,444,Longchamps,combo bajo y alacena,cocina,1m,Nuevo,",",pino,pinitos,,,123000.00,0.00,0,1,"alacena|mueble|1m|nuevo||:1,bajo mesada|mueble|1m|nuevo||:1",453,Longchamps,combo bajo y alacena,cocina,2m,Nuevo,.,pino,pinitos,,,225000.00,0.00,0,1,"alacena|mueble|2m|nuevo||:1,bajo mesada|mueble|2m|nuevo||:1"
producto,0.9565,1.0,1.0,0.5,1.0,1.0,1.0,1.0,1.0,1.0,1.0,18500.0,0.2681,0.0,0.0,178,Longchamps,mesa,comedor,2m,Nuevo,,pino,ramon,,,69000.00,0.00,1,0,,174,Longchamps,mesa,comedor,1m,Nuevo,,pino,ramon,,,50500.00,0.00,3,0,
producto,0.9565,1.0,1.0,0.5,1.0,1.0,1.0,1.0,1.0,1.0,1.0,68000.0,0.5263,0.0,0.0,277,Longchamps,alacena,cocina,1m,Nuevo,,pino,,,,61200.00,0.00,1,0,,281,Longchamps,alacena,cocina,2m,Nuevo,,pino,,,,129200.00,0.00,2,0,
producto,0.9565,1.0,1.0,0.5,1.0,1.0,1.0,1.0,1.0,1.0,1.0,52700.0,0.337,0.0,0.0,260,Longchamps,bajo mesada,cocina,1m,Nuevo,,pino,,,,103700.00,0.00,1,0,,265,Longchamps,bajo mesada,cocina,2m,Nuevo,,pino,,,,156400.00,0.00,1,0,
combo,0.9563,0.9412,1.0,0.7059,1.0,1.0,1.0,1.0,1.0,1.0,0.94,34000.0,0.0895,0.0,0.0,603,Longchamps,conjunto colchon palace con pillow,conjuntos,1plaza,Nuevo,,resorte,taurus,,,346000.00,0.00,0,1,"box|box|1 plaza|nuevo|negro|taurus:1,colchon palace con pillow|colchones|1 plaza|nuevo||taurus:1",606,Longchamps,conjunto colchon palace sin pillow,conjuntos,1 1/2 plaza,Nuevo,,resorte,taurus,,,380000.00,0.00,0,1,"box|box|1 1 2 plaza|nuevo|negro|taurus:1,colchon palace sin pillow|colchones|1 1 2 plaza|nuevo||taurus:1"
producto,0.9562,0.92,1.0,0.7368,1.0,1.0,1.0,1.0,1.0,1.0,1.0,70000.0,0.2222,0.0,0.0,100,Longchamps,colchon palace con pillow,dormitorio,1 plaza,Nuevo,,resorte,taurus,,,245000.00,0.00,1,0,,114,Longchamps,colchon palace sin pillow,dormitorio,2 1/2 plazas,Nuevo,,resorte,taurus,,,315000.00,0.00,1,0,
producto,0.9562,0.92,1.0,0.7368,1.0,1.0,1.0,1.0,1.0,1.0,1.0,70000.0,0.2222,0.0,0.0,100,Longchamps,colchon palace con pillow,dormitorio,1 plaza,Nuevo,,resorte,taurus,,,245000.00,0.00,1,0,,234,Vidriera,colchon palace sin pillow,dormitorio,2 1/2 plazas,Nuevo,,resorte,taurus,,,315000.00,0.00,2,0,
producto,0.9562,0.92,1.0,0.7368,1.0,1.0,1.0,1.0,1.0,1.0,1.0,70000.0,0.2222,0.0,0.0,70,Estacion,colchon palace con pillow,dormitorio,1 plaza,Nuevo,,resorte,taurus,,,245000.00,0.00,1,0,,114,Longchamps,colchon palace sin pillow,dormitorio,2 1/2 plazas,Nuevo,,resorte,taurus,,,315000.00,0.00,1,0,
producto,0.9562,0.92,1.0,0.7368,1.0,1.0,1.0,1.0,1.0,1.0,1.0,70000.0,0.2222,0.0,0.0,70,Estacion,colchon palace con pillow,dormitorio,1 plaza,Nuevo,,resorte,taurus,,,245000.00,0.00,1,0,,234,Vidriera,colchon palace sin pillow,dormitorio,2 1/2 plazas,Nuevo,,resorte,taurus,,,315000.00,0.00,2,0,
producto,0.9562,0.92,1.0,0.7368,1.0,1.0,1.0,1.0,1.0,1.0,1.0,165000.0,0.44,0.0,0.0,235,Vidriera,colchon palace con pillow,dormitorio,2 1/2 plazas,Nuevo,,resorte,taurus,,,375000.00,0.00,2,0,,69,Estacion,colchon palace sin pillow,dormitorio,1 plaza,Nuevo,,resorte,taurus,,,210000.00,0.00,1,0,
producto,0.956,0.9189,1.0,0.7368,1.0,1.0,1.0,1.0,1.0,1.0,1.0,61000.0,0.5351,0.0,0.0,97,Longchamps,colchon eco 13alto,dormitorio,1 plaza,Nuevo,,espuma,taurus,,,53000.00,0.00,6,0,,739,Longchamps,colchon eco 17 alto,dormitorio,2 1/2 plazas,Nuevo,,espuma,taurus,,,114000.00,0.00,1,0,
producto,0.956,0.9189,1.0,0.7368,1.0,1.0,1.0,1.0,1.0,1.0,1.0,61000.0,0.5351,0.0,0.0,739,Longchamps,colchon eco 17 alto,dormitorio,2 1/2 plazas,Nuevo,,espuma,taurus,,,114000.00,0.00,1,0,,67,Estacion,colchon eco 13alto,dormitorio,1 plaza,Nuevo,,espuma,taurus,,,53000.00,0.00,1,0,
producto,0.956,0.9189,1.0,0.7368,1.0,1.0,1.0,1.0,1.0,1.0,1.0,61000.0,0.5351,0.0,0.0,739,Longchamps,colchon eco 17 alto,dormitorio,2 1/2 plazas,Nuevo,,espuma,taurus,,,114000.00,0.00,1,0,,205,Vidriera,colchon eco 13alto,dormitorio,1 plaza,Nuevo,,espuma,taurus,,,53000.00,0.00,3,0,
combo,0.9554,0.9643,1.0,0.6316,1.0,1.0,1.0,1.0,1.0,1.0,0.9368,270000.0,0.4655,0.0,0.0,599,Longchamps,conjunto colchones super lujo,conjuntos,1 plaza,Nuevo,,espuma,taurus,,,310000.00,0.00,0,1,"box|box|1 plaza|nuevo|negro|taurus:1,colchones super lujo|colchones|1 plaza|nuevo||taurus:1",601,Longchamps,conjunto colchon super lujo,conjuntos,2 plazas 1/2,Nuevo,,espuma,taurus,,,580000.00,0.00,0,1,"box|box|2 1 2 plazas|nuevo|negro|taurus:1,colchon super lujo|colchones|2 1 2 plazas|nuevo||taurus:1"
combo,0.9554,0.9643,1.0,0.6316,1.0,1.0,1.0,1.0,1.0,1.0,0.9368,270000.0,0.4655,0.0,0.0,599,Longchamps,conjunto colchones super lujo,conjuntos,1 plaza,Nuevo,,espuma,taurus,,,310000.00,0.00,0,1,"box|box|1 plaza|nuevo|negro|taurus:1,colchones super lujo|colchones|1 plaza|nuevo||taurus:1",602,Vidriera,conjunto colchon super lujo,conjuntos,2 plazas 1/2,Nuevo,,espuma,taurus,,,580000.00,0.00,0,1,"box|box|2 1 2 plazas|nuevo|negro|taurus:1,colchon super lujo|colchones|2 1 2 plazas|nuevo||taurus:1"
producto,0.9547,0.9375,1.0,0.6667,1.0,1.0,1.0,1.0,1.0,1.0,1.0,134000.0,0.4467,0.0,0.0,693,Longchamps,mesa escandilava,comedor,"1,40m",Nuevo,,melamina,,,,166000.00,0.00,1,0,,333,Vidriera,mesa escandinava,comedor,"1,40x80",Nuevo,,melamina,,,,300000.00,0.00,1,0,
producto,0.9536,1.0,1.0,0.8,1.0,0.6667,1.0,1.0,1.0,1.0,1.0,22000.0,0.1533,0.0,0.0,500,Longchamps,alacena,cocina,"1,20m",Nuevo,blanco malta,melamina,mosconi,,,121500.00,0.00,1,0,,504,Longchamps,alacena,cocina,"1,40m",Nuevo,blanco,melamina,mosconi,,,143500.00,0.00,1,0,
producto,0.9536,1.0,1.0,0.8,1.0,0.6667,1.0,1.0,1.0,1.0,1.0,37000.0,0.1737,0.0,0.0,507,Longchamps,bajo mesada,cocina,"1,20m",Nuevo,blanco malta,melamina,mosconi,,,176000.00,0.00,1,0,,510,Longchamps,bajo mesada,cocina,"1,40m",Nuevo,blanco,melamina,mosconi,,,213000.00,0.00,1,0,
producto,0.9532,1.0,1.0,1.0,1.0,0.4615,1.0,1.0,1.0,1.0,1.0,0.0,0.0,0.0,0.0,467,Longchamps,placard darkar 12 puertas de abrir,dormitorio,,Nuevo,avellana,melamina,mosconi,,,656000.00,0.00,1,0,,468,Longchamps,placard darkar 12 puertas de abrir,dormitorio,,Nuevo,malta,melamina,mosconi,,,656000.00,0.00,1,0,
producto,0.9532,1.0,1.0,1.0,1.0,0.4615,1.0,1.0,1.0,1.0,1.0,0.0,0.0,0.0,0.0,478,Longchamps,placard darkar 10 puertas de abrir,dormitorio,,Nuevo,avellana,melamina,mosconi,,,569000.00,0.00,1,0,,479,Longchamps,placard darkar 10 puertas de abrir,dormitorio,,Nuevo,malta,melamina,mosconi,,,569000.00,0.00,1,0,
producto,0.9532,1.0,1.0,1.0,1.0,0.4615,1.0,1.0,1.0,1.0,1.0,0.0,0.0,0.0,0.0,480,Longchamps,placard darkar 8 puertas de abrir,dormitorio,,Nuevo,malta,melamina,mosconi,,,478000.00,0.00,2,0,,481,Longchamps,placard darkar 8 puertas de abrir,dormitorio,,Nuevo,avellana,melamina,mosconi,,,478000.00,0.00,1,0,
producto,0.9531,1.0,1.0,0.8889,1.0,1.0,1.0,0.5714,1.0,1.0,1.0,123000.0,0.5104,0.0,0.0,512,Vidriera,bicicleta niño,infantil,"Rodado 12""",Nuevo,rojo,,aventura,,,118000.00,0.00,1,0,,515,Vidriera,bicicleta niño,infantil,"Rodado 16""",Nuevo,rojo,,futura,,,241000.00,0.00,1,0,
combo,0.9524,0.9615,1.0,0.5714,1.0,1.0,1.0,1.0,1.0,1.0,0.9508,27000.0,0.1047,0.0,0.0,457,Longchamps,"combo bajo,alacena,mesada",cocina,"1,20m",Nuevo,.,pino,.,,,258000.00,0.00,0,1,"alacena|mueble|1 20m|nuevo||:1,bajo mesada|mueble|1 20m|nuevo||:1,mesada|mesadas|1 20m|nuevo||:1",459,Longchamps,"combo bajo,alacena y mesada",cocina,1m,Nuevo,.,pino,.,,,231000.00,0.00,0,1,"alacena|mueble|1m|nuevo||:1,bajo mesada|mueble|1m|nuevo||:1,mesada|mesadas|1m|nuevo||:1"
producto,0.9522,0.9474,1.0,1.0,1.0,0.6087,1.0,1.0,1.0,1.0,1.0,132000.0,0.5455,0.0,0.0,873,Longchamps,tobogan 5 escalones,infantil,,Nuevo,naranja,plastico,,,,242000.00,0.00,2,0,,879,Longchamps,tobogan 2 escalones,infantil,,Nuevo,azul con naranja,plastico,,,,110000.00,0.00,2,0,
producto,0.9517,1.0,1.0,0.4444,1.0,1.0,1.0,1.0,1.0,1.0,1.0,37500.0,0.3289,0.0,0.0,165,Longchamps,modular,living,"1,20m",Nuevo,,pino,pinitos,,,114000.00,0.00,3,0,,360,Vidriera,modular,living,80cm,Nuevo,,pino,pinitos,,,76500.00,0.00,1,0,
producto,0.9517,1.0,1.0,0.4444,1.0,1.0,1.0,1.0,1.0,1.0,1.0,37500.0,0.3289,0.0,0.0,360,Vidriera,modular,living,80cm,Nuevo,,pino,pinitos,,,76500.00,0.00,1,0,,359,Vidriera,modular,living,"1,20m",Nuevo,,pino,pinitos,,,114000.00,0.00,1,0,
producto,0.9517,1.0,1.0,0.4444,1.0,1.0,1.0,1.0,1.0,1.0,1.0,9000.0,0.2222,0.0,0.0,18,Estacion,quesera,cocina,"1,20m",Nuevo,,,machuca,,,40500.00,0.00,1,0,,49,Estacion,quesera,cocina,60cm,Nuevo,,,machuca,,,31500.00,0.00,1,0,
producto,0.9517,1.0,1.0,0.4444,1.0,1.0,1.0,1.0,1.0,1.0,1.0,12000.0,0.2963,0.0,0.0,18,Estacion,quesera,cocina,"1,20m",Nuevo,,,machuca,,,40500.00,0.00,1,0,,48,Estacion,quesera,cocina,40cm,Nuevo,,,machuca,,,28500.00,0.00,1,0,
producto,0.9517,1.0,1.0,0.4444,1.0,1.0,1.0,1.0,1.0,1.0,1.0,12000.0,0.2963,0.0,0.0,180,Longchamps,quesera,cocina,"1,20m",Nuevo,,pino,quesera,,,40500.00,0.00,1,0,,181,Longchamps,quesera,cocina,40cm,Nuevo,,pino,quesera,,,28500.00,0.00,8,0,
producto,0.9517,1.0,1.0,0.4444,1.0,1.0,1.0,1.0,1.0,1.0,1.0,9000.0,0.2222,0.0,0.0,180,Longchamps,quesera,cocina,"1,20m",Nuevo,,pino,quesera,,,40500.00,0.00,1,0,,182,Longchamps,quesera,cocina,60cm,Nuevo,,pino,quesera,,,31500.00,0.00,5,0,
producto,0.9517,1.0,1.0,0.4444,1.0,1.0,1.0,1.0,1.0,1.0,1.0,12000.0,0.2963,0.0,0.0,328,Vidriera,quesera,cocina,"1,20m",Nuevo,,pino,ramon,,,40500.00,0.00,1,0,,326,Vidriera,quesera,cocina,40cm,Nuevo,,pino,ramon,,,28500.00,0.00,1,0,
producto,0.9517,1.0,1.0,1.0,1.0,0.4444,1.0,1.0,1.0,1.0,1.0,0.0,0.0,0.0,0.0,41,Estacion,cama,dormitorio,1 plaza,Nuevo,negro,caño,,,,171000.00,0.00,1,0,,276,Vidriera,cama,dormitorio,1 plaza,Nuevo,roja,caño,,,,171000.00,0.00,1,0,
producto,0.9517,1.0,1.0,0.4444,1.0,1.0,1.0,1.0,1.0,1.0,1.0,17000.0,0.3178,0.0,0.0,173,Longchamps,mesa,comedor,"1,20m",Nuevo,,pino,ramon,,,53500.00,0.00,2,0,,172,Longchamps,mesa,comedor,70cm,Nuevo,,pino,ramon,,,36500.00,0.00,1,0,
producto,0.9517,1.0,1.0,0.4444,1.0,1.0,1.0,1.0,1.0,1.0,1.0,17000.0,0.3178,0.0,0.0,173,Longchamps,mesa,comedor,"1,20m",Nuevo,,pino,ramon,,,53500.00,0.00,2,0,,29,Estacion,mesa,comedor,70cm,Nuevo,,pino,ramon,,,36500.00,0.00,1,0,
producto,0.9517,1.0,1.0,0.4444,1.0,1.0,1.0,1.0,1.0,1.0,1.0,13500.0,0.2523,0.0,0.0,173,Longchamps,mesa,comedor,"1,20m",Nuevo,,pino,ramon,,,53500.00,0.00,2,0,,30,Estacion,mesa,comedor,80cm,Nuevo,,pino,ramon,,,40000.00,0.00,1,0,
producto,0.9517,1.0,1.0,0.4444,1.0,1.0,1.0,1.0,1.0,1.0,1.0,13500.0,0.2523,0.0,0.0,173,Longchamps,mesa,comedor,"1,20m",Nuevo,,pino,ramon,,,53500.00,0.00,2,0,,584,Estacion,mesa,comedor,40cm,Nuevo,,pino,ramon,,,40000.00,0.00,1,0,
producto,0.9517,1.0,1.0,0.4444,1.0,1.0,1.0,1.0,1.0,1.0,1.0,17000.0,0.3178,0.0,0.0,412,Estacion,mesa,comedor,"1,20m",Nuevo,,pino,ramon,,,53500.00,0.00,1,0,,172,Longchamps,mesa,comedor,70cm,Nuevo,,pino,ramon,,,36500.00,0.00,1,0,
producto,0.9517,1.0,1.0,0.4444,1.0,1.0,1.0,1.0,1.0,1.0,1.0,17000.0,0.3178,0.0,0.0,412,Estacion,mesa,comedor,"1,20m",Nuevo,,pino,ramon,,,53500.00,0.00,1,0,,29,Estacion,mesa,comedor,70cm,Nuevo,,pino,ramon,,,36500.00,0.00,1,0,
producto,0.9517,1.0,1.0,0.4444,1.0,1.0,1.0,1.0,1.0,1.0,1.0,13500.0,0.2523,0.0,0.0,412,Estacion,mesa,comedor,"1,20m",Nuevo,,pino,ramon,,,53500.00,0.00,1,0,,30,Estacion,mesa,comedor,80cm,Nuevo,,pino,ramon,,,40000.00,0.00,1,0,
producto,0.9517,1.0,1.0,0.4444,1.0,1.0,1.0,1.0,1.0,1.0,1.0,13500.0,0.2523,0.0,0.0,412,Estacion,mesa,comedor,"1,20m",Nuevo,,pino,ramon,,,53500.00,0.00,1,0,,584,Estacion,mesa,comedor,40cm,Nuevo,,pino,ramon,,,40000.00,0.00,1,0,
producto,0.9517,1.0,1.0,0.4444,1.0,1.0,1.0,1.0,1.0,1.0,1.0,23000.0,0.371,0.0,0.0,190,Longchamps,mesa plegable,comedor,70cm,Nuevo,,pino,ramon,,,39000.00,0.00,3,0,,43,Estacion,mesa plegable,comedor,"1,50m",Nuevo,,pino,ramon,,,62000.00,0.00,1,0,
producto,0.9517,1.0,1.0,0.4444,1.0,1.0,1.0,1.0,1.0,1.0,1.0,23000.0,0.371,0.0,0.0,190,Longchamps,mesa plegable,comedor,70cm,Nuevo,,pino,ramon,,,39000.00,0.00,3,0,,122,Longchamps,mesa plegable,comedor,"1,50m",Nuevo,,pino,ramon,,,62000.00,0.00,3,0,
producto,0.9517,1.0,1.0,0.4444,1.0,1.0,1.0,1.0,1.0,1.0,1.0,23000.0,0.371,0.0,0.0,325,Vidriera,mesa plegable,comedor,70cm,Nuevo,,pino,ramon,,,39000.00,0.00,1,0,,43,Estacion,mesa plegable,comedor,"1,50m",Nuevo,,pino,ramon,,,62000.00,0.00,1,0,
producto,0.9517,1.0,1.0,0.4444,1.0,1.0,1.0,1.0,1.0,1.0,1.0,23000.0,0.371,0.0,0.0,325,Vidriera,mesa plegable,comedor,70cm,Nuevo,,pino,ramon,,,39000.00,0.00,1,0,,122,Longchamps,mesa plegable,comedor,"1,50m",Nuevo,,pino,ramon,,,62000.00,0.00,3,0,
producto,0.9517,1.0,1.0,0.4444,1.0,1.0,1.0,1.0,1.0,1.0,1.0,20000.0,0.354,0.0,0.0,175,Longchamps,mesa,comedor,"1,40m",Nuevo,,pino,ramon,,,56500.00,0.00,3,0,,172,Longchamps,mesa,comedor,70cm,Nuevo,,pino,ramon,,,36500.00,0.00,1,0,
producto,0.9517,1.0,1.0,0.4444,1.0,1.0,1.0,1.0,1.0,1.0,1.0,20000.0,0.354,0.0,0.0,175,Longchamps,mesa,comedor,"1,40m",Nuevo,,pino,ramon,,,56500.00,0.00,3,0,,29,Estacion,mesa,comedor,70cm,Nuevo,,pino,ramon,,,36500.00,0.00,1,0,
producto,0.9517,1.0,1.0,0.4444,1.0,1.0,1.0,1.0,1.0,1.0,1.0,16500.0,0.292,0.0,0.0,175,Longchamps,mesa,comedor,"1,40m",Nuevo,,pino,ramon,,,56500.00,0.00,3,0,,30,Estacion,mesa,comedor,80cm,Nuevo,,pino,ramon,,,40000.00,0.00,1,0,
producto,0.9517,1.0,1.0,0.4444,1.0,1.0,1.0,1.0,1.0,1.0,1.0,20000.0,0.354,0.0,0.0,411,Estacion,mesa,comedor,"1,40m",Nuevo,,pino,ramon,,,56500.00,0.00,1,0,,172,Longchamps,mesa,comedor,70cm,Nuevo,,pino,ramon,,,36500.00,0.00,1,0,
producto,0.9517,1.0,1.0,0.4444,1.0,1.0,1.0,1.0,1.0,1.0,1.0,20000.0,0.354,0.0,0.0,411,Estacion,mesa,comedor,"1,40m",Nuevo,,pino,ramon,,,56500.00,0.00,1,0,,29,Estacion,mesa,comedor,70cm,Nuevo,,pino,ramon,,,36500.00,0.00,1,0,
producto,0.9517,1.0,1.0,0.4444,1.0,1.0,1.0,1.0,1.0,1.0,1.0,16500.0,0.292,0.0,0.0,411,Estacion,mesa,comedor,"1,40m",Nuevo,,pino,ramon,,,56500.00,0.00,1,0,,30,Estacion,mesa,comedor,80cm,Nuevo,,pino,ramon,,,40000.00,0.00,1,0,
producto,0.9517,1.0,1.0,0.4444,1.0,1.0,1.0,1.0,1.0,1.0,1.0,23500.0,0.3917,0.0,0.0,172,Longchamps,mesa,comedor,70cm,Nuevo,,pino,ramon,,,36500.00,0.00,1,0,,176,Longchamps,mesa,comedor,"1,60m",Nuevo,,pino,ramon,,,60000.00,0.00,0,0,
producto,0.9517,1.0,1.0,0.4444,1.0,1.0,1.0,1.0,1.0,1.0,1.0,27500.0,0.4297,0.0,0.0,172,Longchamps,mesa,comedor,70cm,Nuevo,,pino,ramon,,,36500.00,0.00,1,0,,177,Longchamps,mesa,comedor,"1,80m",Nuevo,,pino,ramon,,,64000.00,0.00,2,0,
producto,0.9517,1.0,1.0,0.4444,1.0,1.0,1.0,1.0,1.0,1.0,1.0,23500.0,0.3917,0.0,0.0,29,Estacion,mesa,comedor,70cm,Nuevo,,pino,ramon,,,36500.00,0.00,1,0,,176,Longchamps,mesa,comedor,"1,60m",Nuevo,,pino,ramon,,,60000.00,0.00,0,0,
producto,0.9517,1.0,1.0,0.4444,1.0,1.0,1.0,1.0,1.0,1.0,1.0,27500.0,0.4297,0.0,0.0,29,Estacion,mesa,comedor,70cm,Nuevo,,pino,ramon,,,36500.00,0.00,1,0,,177,Longchamps,mesa,comedor,"1,80m",Nuevo,,pino,ramon,,,64000.00,0.00,2,0,
producto,0.9517,1.0,1.0,0.4444,1.0,1.0,1.0,1.0,1.0,1.0,1.0,20000.0,0.3333,0.0,0.0,30,Estacion,mesa,comedor,80cm,Nuevo,,pino,ramon,,,40000.00,0.00,1,0,,176,Longchamps,mesa,comedor,"1,60m",Nuevo,,pino,ramon,,,60000.00,0.00,0,0,
producto,0.9517,1.0,1.0,0.4444,1.0,1.0,1.0,1.0,1.0,1.0,1.0,20000.0,0.3333,0.0,0.0,176,Longchamps,mesa,comedor,"1,60m",Nuevo,,pino,ramon,,,60000.00,0.00,0,0,,584,Estacion,mesa,comedor,40cm,Nuevo,,pino,ramon,,,40000.00,0.00,1,0,
producto,0.9517,1.0,1.0,0.4444,1.0,1.0,1.0,1.0,1.0,1.0,1.0,24000.0,0.375,0.0,0.0,177,Longchamps,mesa,comedor,"1,80m",Nuevo,,pino,ramon,,,64000.00,0.00,2,0,,584,Estacion,mesa,comedor,40cm,Nuevo,,pino,ramon,,,40000.00,0.00,1,0,
producto,0.9517,1.0,1.0,0.4444,1.0,1.0,1.0,1.0,1.0,1.0,1.0,15500.0,0.2897,0.0,0.0,307,Vidriera,mesa eco,comedor,80cm,Nuevo,,pino,ramon,,,38000.00,0.00,1,0,,308,Vidriera,mesa eco,comedor,"1,20m",Nuevo,,pino,ramon,,,53500.00,0.00,1,0,
producto,0.9517,1.0,1.0,0.4444,1.0,1.0,1.0,1.0,1.0,1.0,1.0,18500.0,0.3274,0.0,0.0,307,Vidriera,mesa eco,comedor,80cm,Nuevo,,pino,ramon,,,38000.00,0.00,1,0,,309,Vidriera,mesa eco,comedor,"1,40m",Nuevo,,pino,ramon,,,56500.00,0.00,1,0,
producto,0.9517,1.0,1.0,0.4444,1.0,1.0,1.0,1.0,1.0,1.0,1.0,108000.0,0.5143,0.0,0.0,167,Longchamps,placard macizo,dormitorio,80cm,Nuevo,,pino,pinitos,,,102000.00,0.00,2,0,,168,Longchamps,placard macizo,dormitorio,"1,60m",Nuevo,,pino,pinitos,,,210000.00,0.00,3,0,
producto,0.9517,1.0,1.0,0.4444,1.0,1.0,1.0,1.0,1.0,1.0,1.0,108000.0,0.5143,0.0,0.0,167,Longchamps,placard macizo,dormitorio,80cm,Nuevo,,pino,pinitos,,,102000.00,0.00,2,0,,356,Vidriera,placard macizo,dormitorio,"1,60m",Nuevo,,pino,pinitos,,,210000.00,0.00,1,0,
producto,0.9517,1.0,1.0,0.4444,1.0,1.0,1.0,1.0,1.0,1.0,1.0,25500.0,0.2,0.0,0.0,167,Longchamps,placard macizo,dormitorio,80cm,Nuevo,,pino,pinitos,,,102000.00,0.00,2,0,,352,Vidriera,placard macizo,dormitorio,"1,20m",Nuevo,,pino,pinitos,,,127500.00,0.00,1,0,
producto,0.9517,1.0,1.0,0.4444,1.0,1.0,1.0,1.0,1.0,1.0,1.0,25500.0,0.2,0.0,0.0,167,Longchamps,placard macizo,dormitorio,80cm,Nuevo,,pino,pinitos,,,102000.00,0.00,2,0,,406,Longchamps,placard macizo,dormitorio,"1,20m",Nuevo,,pino,pinitos,,,127500.00,0.00,3,0,
producto,0.9517,1.0,1.0,0.4444,1.0,1.0,1.0,1.0,1.0,1.0,1.0,108000.0,0.5143,0.0,0.0,351,Vidriera,placard macizo,dormitorio,80cm,Nuevo,,pino,pinitos,,,102000.00,0.00,1,0,,168,Longchamps,placard macizo,dormitorio,"1,60m",Nuevo,,pino,pinitos,,,210000.00,0.00,3,0,
producto,0.9517,1.0,1.0,0.4444,1.0,1.0,1.0,1.0,1.0,1.0,1.0,108000.0,0.5143,0.0,0.0,351,Vidriera,placard macizo,dormitorio,80cm,Nuevo,,pino,pinitos,,,102000.00,0.00,1,0,,356,Vidriera,placard macizo,dormitorio,"1,60m",Nuevo,,pino,pinitos,,,210000.00,0.00,1,0,
producto,0.9517,1.0,1.0,0.4444,1.0,1.0,1.0,1.0,1.0,1.0,1.0,25500.0,0.2,0.0,0.0,351,Vidriera,placard macizo,dormitorio,80cm,Nuevo,,pino,pinitos,,,102000.00,0.00,1,0,,352,Vidriera,placard macizo,dormitorio,"1,20m",Nuevo,,pino,pinitos,,,127500.00,0.00,1,0,
producto,0.9517,1.0,1.0,0.4444,1.0,1.0,1.0,1.0,1.0,1.0,1.0,25500.0,0.2,0.0,0.0,351,Vidriera,placard macizo,dormitorio,80cm,Nuevo,,pino,pinitos,,,102000.00,0.00,1,0,,406,Longchamps,placard macizo,dormitorio,"1,20m",Nuevo,,pino,pinitos,,,127500.00,0.00,3,0,
producto,0.9517,1.0,1.0,0.4444,1.0,1.0,1.0,1.0,1.0,1.0,1.0,113000.0,0.5381,0.0,0.0,166,Longchamps,placard corredizo,dormitorio,80cm,Nuevo,,pino,pinitos,,,97000.00,0.00,1,0,,358,Vidriera,placard corredizo,dormitorio,"1,60m",Nuevo,,pino,pinitos,,,210000.00,0.00,1,0,
producto,0.9517,1.0,1.0,0.4444,1.0,1.0,1.0,1.0,1.0,1.0,1.0,113000.0,0.5381,0.0,0.0,166,Longchamps,placard corredizo,dormitorio,80cm,Nuevo,,pino,pinitos,,,97000.00,0.00,1,0,,407,Longchamps,placard corredizo,dormitorio,"1,60m",Nuevo,,pino,pinitos,,,210000.00,0.00,3,0,
producto,0.9517,1.0,1.0,0.4444,1.0,1.0,1.0,1.0,1.0,1.0,1.0,25500.0,0.2082,0.0,0.0,166,Longchamps,placard corredizo,dormitorio,80cm,Nuevo,,pino,pinitos,,,97000.00,0.00,1,0,,204,Longchamps,placard corredizo,dormitorio,"1,20m",Nuevo,,pino,pinitos,,,122500.00,0.00,2,0,
producto,0.9517,1.0,1.0,0.4444,1.0,1.0,1.0,1.0,1.0,1.0,1.0,25500.0,0.2082,0.0,0.0,166,Longchamps,placard corredizo,dormitorio,80cm,Nuevo,,pino,pinitos,,,97000.00,0.00,1,0,,350,Vidriera,placard corredizo,dormitorio,"1,20m",Nuevo,,pino,pinitos,,,122500.00,0.00,1,0,
producto,0.9517,1.0,1.0,0.4444,1.0,1.0,1.0,1.0,1.0,1.0,1.0,113000.0,0.5381,0.0,0.0,349,Vidriera,placard corredizo,dormitorio,80cm,Nuevo,,pino,pinitos,,,97000.00,0.00,1,0,,358,Vidriera,placard corredizo,dormitorio,"1,60m",Nuevo,,pino,pinitos,,,210000.00,0.00,1,0,
producto,0.9517,1.0,1.0,0.4444,1.0,1.0,1.0,1.0,1.0,1.0,1.0,113000.0,0.5381,0.0,0.0,349,Vidriera,placard corredizo,dormitorio,80cm,Nuevo,,pino,pinitos,,,97000.00,0.00,1,0,,407,Longchamps,placard corredizo,dormitorio,"1,60m",Nuevo,,pino,pinitos,,,210000.00,0.00,3,0,
producto,0.9517,1.0,1.0,0.4444,1.0,1.0,1.0,1.0,1.0,1.0,1.0,25500.0,0.2082,0.0,0.0,349,Vidriera,placard corredizo,dormitorio,80cm,Nuevo,,pino,pinitos,,,97000.00,0.00,1,0,,204,Longchamps,placard corredizo,dormitorio,"1,20m",Nuevo,,pino,pinitos,,,122500.00,0.00,2,0,
producto,0.9517,1.0,1.0,0.4444,1.0,1.0,1.0,1.0,1.0,1.0,1.0,25500.0,0.2082,0.0,0.0,349,Vidriera,placard corredizo,dormitorio,80cm,Nuevo,,pino,pinitos,,,97000.00,0.00,1,0,,350,Vidriera,placard corredizo,dormitorio,"1,20m",Nuevo,,pino,pinitos,,,122500.00,0.00,1,0,
producto,0.9517,1.0,1.0,0.4444,1.0,1.0,1.0,1.0,1.0,1.0,1.0,25500.0,0.2,0.0,0.0,7,Estacion,placard pino puerta de abrir,dormitorio,"1,20m",Nuevo,,,pinitos,,,127500.00,0.00,1,0,,26,Estacion,placard pino puerta de abrir,dormitorio,80cm,Nuevo,,,pinitos,,,102000.00,0.00,1,0,
producto,0.9517,1.0,1.0,0.4444,1.0,1.0,1.0,1.0,1.0,1.0,1.0,26400.0,0.32,0.0,0.0,279,Longchamps,alacena,cocina,"1,40m",Nuevo,,pino,,,,82500.00,0.00,2,0,,268,Longchamps,alacena,cocina,80cm,Nuevo,,pino,,,,56100.00,0.00,1,0,
producto,0.9517,1.0,1.0,0.4444,1.0,1.0,1.0,1.0,1.0,1.0,1.0,45900.0,0.4821,0.0,0.0,266,Longchamps,alacena,cocina,40cm,Nuevo,,pino,,,,49300.00,0.00,1,0,,280,Longchamps,alacena,cocina,"1,60m",Nuevo,,pino,,,,95200.00,0.00,1,0,
producto,0.9517,1.0,1.0,0.4444,1.0,1.0,1.0,1.0,1.0,1.0,1.0,39100.0,0.4107,0.0,0.0,268,Longchamps,alacena,cocina,80cm,Nuevo,,pino,,,,56100.00,0.00,1,0,,280,Longchamps,alacena,cocina,"1,60m",Nuevo,,pino,,,,95200.00,0.00,1,0,
producto,0.9517,1.0,1.0,0.4444,1.0,1.0,1.0,1.0,1.0,1.0,1.0,70500.0,0.5457,0.0,0.0,258,Longchamps,bajo mesada,cocina,40cm,Nuevo,,pino,,,,58700.00,0.00,1,0,,263,Longchamps,bajo mesada,cocina,"1,60m",Nuevo,,pino,,,,129200.00,0.00,1,0,
producto,0.9517,1.0,1.0,0.4444,1.0,1.0,1.0,1.0,1.0,1.0,1.0,82400.0,0.584,0.0,0.0,258,Longchamps,bajo mesada,cocina,40cm,Nuevo,,pino,,,,58700.00,0.00,1,0,,264,Longchamps,bajo mesada,cocina,"1,80m",Nuevo,,pino,,,,141100.00,0.00,1,0,
producto,0.9513,1.0,1.0,0.8,1.0,0.64,1.0,1.0,1.0,1.0,1.0,0.0,0.0,0.0,0.0,509,Longchamps,bajo mesada,cocina,"1,20m",Nuevo,blanco y avellana,melamina,mosconi,,,176000.00,0.00,1,0,,518,Vidriera,bajo mesada,cocina,120cm,Nuevo,avellana,melamina,mosconi,,,176000.00,0.00,1,0,
producto,0.9508,1.0,1.0,0.8889,1.0,0.5455,1.0,1.0,1.0,1.0,1.0,44000.0,0.1544,0.0,0.0,156,Estacion,bicicleta,deportes,"Rodado 16""",Nuevo,naranja,caño,futura,,,241000.00,0.00,1,0,,154,Estacion,bicicleta,deportes,"Rodado 26""",Nuevo,roja,caño,futura,,,285000.00,0.00,1,0,
producto,0.9503,1.0,1.0,1.0,1.0,0.4286,1.0,1.0,1.0,1.0,1.0,0.0,0.0,0.0,0.0,496,Longchamps,placard millenium 22,dormitorio,,Nuevo,blanco,melamina,mosconi,,,158000.00,0.00,1,0,,497,Longchamps,placard millenium 22,dormitorio,,Nuevo,avellana,melamina,mosconi,,,158000.00,0.00,1,0,
producto,0.9503,1.0,1.0,0.4286,1.0,1.0,1.0,1.0,1.0,1.0,1.0,7000.0,0.1167,0.0,0.0,23,Estacion,cajonera asia,dormitorio,80cm,Nuevo,,pino,ramon,,,60000.00,0.00,1,0,,140,Longchamps,cajonera asia,dormitorio,"0,90x0,80m",Nuevo,,pino,ramon,,,53000.00,0.00,3,0,
producto,0.9503,1.0,1.0,0.4286,1.0,1.0,1.0,1.0,1.0,1.0,1.0,7000.0,0.1167,0.0,0.0,373,Vidriera,cajonera asia,dormitorio,80cm,Nuevo,,pino,ramon,,,60000.00,0.00,1,0,,140,Longchamps,cajonera asia,dormitorio,"0,90x0,80m",Nuevo,,pino,ramon,,,53000.00,0.00,3,0,
producto,0.9503,1.0,1.0,1.0,1.0,0.4286,1.0,1.0,1.0,1.0,1.0,500.0,0.0041,0.0,0.0,503,Longchamps,alacena,cocina,"1,20m",Nuevo,blanco,melamina,mosconi,,,121500.00,0.00,1,0,,519,Vidriera,alacena,cocina,"1,20m",Nuevo,avellana,melamina,mosconi,,,122000.00,0.00,1,0,
producto,0.9493,1.0,1.0,0.6667,1.0,1.0,0.75,1.0,1.0,1.0,1.0,15000.0,0.0536,0.0,0.0,329,Vidriera,mesa fija,comedor,"1,40m",Nuevo,,melamina,,,,265000.00,0.00,1,0,,330,Vidriera,mesa fija,comedor,"1,50",Nuevo,,melanima,,,,280000.00,0.00,1,0,
producto,0.949,1.0,1.0,0.5714,1.0,1.0,1.0,0.8421,1.0,1.0,1.0,0.0,0.0,0.0,0.0,464,Estacion,mesa trampa,comedor,"1,80m",Nuevo,venezia,melamina,alborada,,,350000.00,0.00,1,0,,692,Longchamps,mesa trampa,comedor,1.40a1.80,Nuevo,venezia,melamina,la alborada,,,350000.00,0.00,1,0,
producto,0.9478,1.0,1.0,1.0,1.0,0.4,1.0,1.0,1.0,1.0,1.0,0.0,0.0,0.0,0.0,467,Longchamps,placard darkar 12 puertas de abrir,dormitorio,,Nuevo,avellana,melamina,mosconi,,,656000.00,0.00,1,0,,469,Longchamps,placard darkar 12 puertas de abrir,dormitorio,,Nuevo,venezia,melamina,mosconi,,,656000.00,0.00,1,0,
producto,0.9478,1.0,1.0,0.4,1.0,1.0,1.0,1.0,1.0,1.0,1.0,0.0,0.0,0.0,0.0,24,Estacion,cajonera asia,dormitorio,1m,Nuevo,,pino,ramon,,,70000.00,0.00,1,0,,139,Longchamps,cajonera asia,dormitorio,"1,0x1,0m",Nuevo,,pino,ramon,,,70000.00,0.00,6,0,
producto,0.9478,1.0,1.0,0.4,1.0,1.0,1.0,1.0,1.0,1.0,1.0,0.0,0.0,0.0,0.0,372,Vidriera,cajonera asia,dormitorio,1m,Nuevo,,pino,ramon,,,70000.00,0.00,1,0,,139,Longchamps,cajonera asia,dormitorio,"1,0x1,0m",Nuevo,,pino,ramon,,,70000.00,0.00,6,0,
producto,0.9478,1.0,1.0,1.0,1.0,0.4,1.0,1.0,1.0,1.0,1.0,500.0,0.0041,0.0,0.0,500,Longchamps,alacena,cocina,"1,20m",Nuevo,blanco malta,melamina,mosconi,,,121500.00,0.00,1,0,,519,Vidriera,alacena,cocina,"1,20m",Nuevo,avellana,melamina,mosconi,,,122000.00,0.00,1,0,
producto,0.9478,1.0,1.0,0.6,1.0,0.8,1.0,1.0,1.0,1.0,1.0,10000.0,0.0781,0.0,0.0,430,Longchamps,mesada,cocina,"1,40m",Nuevo,negra,marmolada,.,,,128000.00,0.00,1,0,,521,Vidriera,mesada,cocina,120cm,Nuevo,negro,marmolada,,,,118000.00,0.00,1,0,
producto,0.9477,0.9552,1.0,1.0,1.0,0.5333,1.0,1.0,1.0,1.0,1.0,178000.0,0.2713,0.0,0.0,469,Longchamps,placard darkar 12 puertas de abrir,dormitorio,,Nuevo,venezia,melamina,mosconi,,,656000.00,0.00,1,0,,481,Longchamps,placard darkar 8 puertas de abrir,dormitorio,,Nuevo,avellana,melamina,mosconi,,,478000.00,0.00,1,0,
producto,0.9455,0.9706,1.0,1.0,1.0,0.4615,1.0,1.0,1.0,1.0,1.0,87000.0,0.1326,0.0,0.0,467,Longchamps,placard darkar 12 puertas de abrir,dormitorio,,Nuevo,avellana,melamina,mosconi,,,656000.00,0.00,1,0,,479,Longchamps,placard darkar 10 puertas de abrir,dormitorio,,Nuevo,malta,melamina,mosconi,,,569000.00,0.00,1,0,
producto,0.9455,0.9706,1.0,1.0,1.0,0.4615,1.0,1.0,1.0,1.0,1.0,87000.0,0.1326,0.0,0.0,478,Longchamps,placard darkar 10 puertas de abrir,dormitorio,,Nuevo,avellana,melamina,mosconi,,,569000.00,0.00,1,0,,468,Longchamps,placard darkar 12 puertas de abrir,dormitorio,,Nuevo,malta,melamina,mosconi,,,656000.00,0.00,1,0,
producto,0.9453,1.0,1.0,0.8,1.0,0.5714,1.0,1.0,1.0,1.0,1.0,22000.0,0.1533,0.0,0.0,500,Longchamps,alacena,cocina,"1,20m",Nuevo,blanco malta,melamina,mosconi,,,121500.00,0.00,1,0,,505,Longchamps,alacena,cocina,"1,40m",Nuevo,blanco y venezia,melamina,mosconi,,,143500.00,0.00,1,0,
producto,0.9453,0.9697,1.0,1.0,1.0,0.4615,1.0,1.0,1.0,1.0,1.0,69000.0,0.1444,0.0,0.0,481,Longchamps,placard darkar 8 puertas de abrir,dormitorio,,Nuevo,avellana,melamina,mosconi,,,478000.00,0.00,1,0,,483,Longchamps,placard darkar 6 puertas de abrir,dormitorio,,Nuevo,malta,melamina,mosconi,,,409000.00,0.00,1,0,
producto,0.9447,1.0,1.0,1.0,1.0,0.3636,1.0,1.0,1.0,1.0,1.0,0.0,0.0,0.0,0.0,274,Vidriera,cama superpuesta,dormitorio,1 plaza,Nuevo,negro,caño,,,,294000.00,0.00,1,0,,275,Vidriera,cama superpuesta,dormitorio,1 plaza,Nuevo,blanco,caño,,,,294000.00,0.00,1,0,
producto,0.9447,1.0,1.0,1.0,1.0,0.3636,1.0,1.0,1.0,1.0,1.0,0.0,0.0,0.0,0.0,487,Longchamps,placard millenium 22,dormitorio,,Nuevo,bambu,melamina,mosconi,,,158000.00,0.00,1,0,,496,Longchamps,placard millenium 22,dormitorio,,Nuevo,blanco,melamina,mosconi,,,158000.00,0.00,1,0,
producto,0.9447,1.0,1.0,1.0,1.0,0.3636,1.0,1.0,1.0,1.0,1.0,0.0,0.0,0.0,0.0,202,Longchamps,placard millenium 24,dormitorio,,Nuevo,bambu,melamina,mosconi,,,302000.00,0.00,1,0,,203,Longchamps,placard millenium 24,dormitorio,,Nuevo,blanco,melamina,mosconi,,,302000.00,0.00,1,0,
producto,0.9447,1.0,1.0,1.0,1.0,0.3636,1.0,1.0,1.0,1.0,1.0,0.0,0.0,0.0,0.0,491,Longchamps,placard millenium 26,dormitorio,,Nuevo,bambu,melamina,mosconi,,,409000.00,0.00,1,0,,489,Longchamps,placard millenium 26,dormitorio,,Nuevo,blanco,melamina,mosconi,,,409000.00,0.00,1,0,
producto,0.9447,1.0,1.0,1.0,1.0,0.3636,1.0,1.0,1.0,1.0,1.0,0.0,0.0,0.0,0.0,488,Longchamps,placard millenium 26,dormitorio,,Nuevo,green,melamina,mosconi,,,409000.00,0.00,1,0,,490,Longchamps,placard millenium 26,dormitorio,,Nuevo,wengue,melamina,mosconi,,,409000.00,0.00,1,0,
producto,0.9447,1.0,1.0,1.0,1.0,0.3636,1.0,1.0,1.0,1.0,1.0,0.0,0.0,0.0,0.0,568,Estacion,respaldo,dormitorio,2/2plazas,Nuevo,marron,pana,cañete,,,60000.00,0.00,1,0,,569,Estacion,respaldo,dormitorio,2/2plazas,Nuevo,bordo,pana,cañete,,,60000.00,0.00,1,0,
producto,0.9439,0.9851,1.0,1.0,1.0,0.4,1.0,1.0,1.0,1.0,1.0,0.0,0.0,0.0,0.0,478,Longchamps,placard darkar 10 puertas de abrir,dormitorio,,Nuevo,avellana,melamina,mosconi,,,569000.00,0.00,1,0,,477,Longchamps,placard dakar 10 puertas de abrir,dormitorio,,Nuevo,venezia,melamina,mosconi,,,569000.00,0.00,2,0,
combo,0.9437,0.9412,1.0,0.5556,1.0,1.0,1.0,1.0,1.0,1.0,0.9307,99000.0,0.2225,0.0,0.0,603,Longchamps,conjunto colchon palace con pillow,conjuntos,1plaza,Nuevo,,resorte,taurus,,,346000.00,0.00,0,1,"box|box|1 plaza|nuevo|negro|taurus:1,colchon palace con pillow|colchones|1 plaza|nuevo||taurus:1",607,Longchamps,conjunto colchon palace sin pillow,conjuntos,2 plazas 1/2,Nuevo,,resorte,taurus,,,445000.00,0.00,0,1,"box|box|2 1 2 plazas|nuevo|negro|taurus:1,colchon palace sin pillow|colchones|2 1 2 plazas|nuevo||taurus:1"
producto,0.9431,1.0,1.0,0.8,1.0,0.5455,1.0,1.0,1.0,1.0,1.0,22000.0,0.1533,0.0,0.0,502,Longchamps,alacena,cocina,"1,20m",Nuevo,blanco y venezia,melamina,mosconi,,,121500.00,0.00,1,0,,504,Longchamps,alacena,cocina,"1,40m",Nuevo,blanco,melamina,mosconi,,,143500.00,0.00,1,0,
producto,0.9431,1.0,1.0,0.8,1.0,0.5455,1.0,1.0,1.0,1.0,1.0,22000.0,0.1533,0.0,0.0,503,Longchamps,alacena,cocina,"1,20m",Nuevo,blanco,melamina,mosconi,,,121500.00,0.00,1,0,,505,Longchamps,alacena,cocina,"1,40m",Nuevo,blanco y venezia,melamina,mosconi,,,143500.00,0.00,1,0,
producto,0.942,1.0,1.0,1.0,1.0,1.0,1.0,0.3333,1.0,1.0,1.0,0.0,0.0,0.0,0.0,180,Longchamps,quesera,cocina,"1,20m",Nuevo,,pino,quesera,,,40500.00,0.00,1,0,,328,Vidriera,quesera,cocina,"1,20m",Nuevo,,pino,ramon,,,40500.00,0.00,1,0,
producto,0.942,1.0,1.0,1.0,1.0,1.0,1.0,0.3333,1.0,1.0,1.0,0.0,0.0,0.0,0.0,181,Longchamps,quesera,cocina,40cm,Nuevo,,pino,quesera,,,28500.00,0.00,8,0,,326,Vidriera,quesera,cocina,40cm,Nuevo,,pino,ramon,,,28500.00,0.00,1,0,
producto,0.942,1.0,1.0,0.8889,1.0,0.4444,1.0,1.0,1.0,1.0,1.0,17000.0,0.0596,0.0,0.0,154,Estacion,bicicleta,deportes,"Rodado 26""",Nuevo,roja,caño,futura,,,285000.00,0.00,1,0,,152,Estacion,bicicleta,deportes,"Rodado 24""",Nuevo,negra,caño,futura,,,268000.00,0.00,1,0,
producto,0.942,1.0,1.0,0.8889,1.0,0.4444,1.0,1.0,1.0,1.0,1.0,150000.0,0.5597,0.0,0.0,151,Estacion,bicicleta,deportes,"Rodado 12""",Nuevo,rosa,caño,futura,,,118000.00,0.00,1,0,,152,Estacion,bicicleta,deportes,"Rodado 24""",Nuevo,negra,caño,futura,,,268000.00,0.00,1,0,
producto,0.942,1.0,1.0,0.3333,1.0,1.0,1.0,1.0,1.0,1.0,1.0,12000.0,0.2727,0.0,0.0,50,Estacion,toallero,baño,60cm,Nuevo,,pino,machuca,,,32000.00,0.00,1,0,,388,Vidriera,toallero,baño,1m,Nuevo,,pino,machuca,,,44000.00,0.00,1,0,
producto,0.942,1.0,1.0,0.3333,1.0,1.0,1.0,1.0,1.0,1.0,1.0,12000.0,0.2727,0.0,0.0,50,Estacion,toallero,baño,60cm,Nuevo,,pino,machuca,,,32000.00,0.00,1,0,,186,Longchamps,toallero,baño,1m,Nuevo,,pino,machuca,,,44000.00,0.00,7,0,
producto,0.942,1.0,1.0,0.3333,1.0,1.0,1.0,1.0,1.0,1.0,1.0,12000.0,0.2727,0.0,0.0,388,Vidriera,toallero,baño,1m,Nuevo,,pino,machuca,,,44000.00,0.00,1,0,,184,Longchamps,toallero,baño,60cm,Nuevo,,pino,machuca,,,32000.00,0.00,4,0,
producto,0.942,1.0,1.0,0.3333,1.0,1.0,1.0,1.0,1.0,1.0,1.0,6000.0,0.1364,0.0,0.0,388,Vidriera,toallero,baño,1m,Nuevo,,pino,machuca,,,44000.00,0.00,1,0,,185,Longchamps,toallero,baño,80cm,Nuevo,,pino,machuca,,,38000.00,0.00,3,0,
producto,0.942,1.0,1.0,0.3333,1.0,1.0,1.0,1.0,1.0,1.0,1.0,18000.0,0.4091,0.0,0.0,388,Vidriera,toallero,baño,1m,Nuevo,,pino,machuca,,,44000.00,0.00,1,0,,183,Longchamps,toallero,baño,40cm,Nuevo,,pino,machuca,,,26000.00,0.00,1,0,
producto,0.942,1.0,1.0,0.3333,1.0,1.0,1.0,1.0,1.0,1.0,1.0,18000.0,0.4091,0.0,0.0,388,Vidriera,toallero,baño,1m,Nuevo,,pino,machuca,,,44000.00,0.00,1,0,,734,Vidriera,toallero,baño,40cm,Nuevo,,pino,machuca,,,26000.00,0.00,1,0,
producto,0.942,1.0,1.0,0.3333,1.0,1.0,1.0,1.0,1.0,1.0,1.0,12000.0,0.2727,0.0,0.0,388,Vidriera,toallero,baño,1m,Nuevo,,pino,machuca,,,44000.00,0.00,1,0,,733,Vidriera,toallero,baño,60cm,Nuevo,,pino,machuca,,,32000.00,0.00,2,0,
producto,0.942,1.0,1.0,0.3333,1.0,1.0,1.0,1.0,1.0,1.0,1.0,6000.0,0.1364,0.0,0.0,388,Vidriera,toallero,baño,1m,Nuevo,,pino,machuca,,,44000.00,0.00,1,0,,732,Vidriera,toallero,baño,80cm,Nuevo,,pino,machuca,,,38000.00,0.00,0,0,
producto,0.942,1.0,1.0,0.3333,1.0,1.0,1.0,1.0,1.0,1.0,1.0,12000.0,0.2727,0.0,0.0,184,Longchamps,toallero,baño,60cm,Nuevo,,pino,machuca,,,32000.00,0.00,4,0,,186,Longchamps,toallero,baño,1m,Nuevo,,pino,machuca,,,44000.00,0.00,7,0,
producto,0.942,1.0,1.0,0.3333,1.0,1.0,1.0,1.0,1.0,1.0,1.0,6000.0,0.1364,0.0,0.0,186,Longchamps,toallero,baño,1m,Nuevo,,pino,machuca,,,44000.00,0.00,7,0,,185,Longchamps,toallero,baño,80cm,Nuevo,,pino,machuca,,,38000.00,0.00,3,0,
producto,0.942,1.0,1.0,0.3333,1.0,1.0,1.0,1.0,1.0,1.0,1.0,18000.0,0.4091,0.0,0.0,186,Longchamps,toallero,baño,1m,Nuevo,,pino,machuca,,,44000.00,0.00,7,0,,183,Longchamps,toallero,baño,40cm,Nuevo,,pino,machuca,,,26000.00,0.00,1,0,
producto,0.942,1.0,1.0,0.3333,1.0,1.0,1.0,1.0,1.0,1.0,1.0,18000.0,0.4091,0.0,0.0,186,Longchamps,toallero,baño,1m,Nuevo,,pino,machuca,,,44000.00,0.00,7,0,,734,Vidriera,toallero,baño,40cm,Nuevo,,pino,machuca,,,26000.00,0.00,1,0,
producto,0.942,1.0,1.0,0.3333,1.0,1.0,1.0,1.0,1.0,1.0,1.0,12000.0,0.2727,0.0,0.0,186,Longchamps,toallero,baño,1m,Nuevo,,pino,machuca,,,44000.00,0.00,7,0,,733,Vidriera,toallero,baño,60cm,Nuevo,,pino,machuca,,,32000.00,0.00,2,0,
producto,0.942,1.0,1.0,0.3333,1.0,1.0,1.0,1.0,1.0,1.0,1.0,6000.0,0.1364,0.0,0.0,186,Longchamps,toallero,baño,1m,Nuevo,,pino,machuca,,,44000.00,0.00,7,0,,732,Vidriera,toallero,baño,80cm,Nuevo,,pino,machuca,,,38000.00,0.00,0,0,
producto,0.942,1.0,1.0,0.3333,1.0,1.0,1.0,1.0,1.0,1.0,1.0,9000.0,0.24,0.0,0.0,327,Vidriera,quesera,cocina,1m,Nuevo,,pino,ramon,,,37500.00,0.00,0,0,,326,Vidriera,quesera,cocina,40cm,Nuevo,,pino,ramon,,,28500.00,0.00,1,0,
producto,0.942,1.0,1.0,0.3333,1.0,1.0,1.0,1.0,1.0,1.0,1.0,10500.0,0.1892,0.0,0.0,142,Longchamps,biblioteca,living,60cm,Nuevo,,pino,pinitos,,,45000.00,0.00,1,0,,144,Longchamps,biblioteca,living,1m,Nuevo,,pino,pinitos,,,55500.00,0.00,0,0,
producto,0.942,1.0,1.0,0.3333,1.0,1.0,1.0,1.0,1.0,1.0,1.0,10500.0,0.1892,0.0,0.0,367,Vidriera,biblioteca,living,60cm,Nuevo,,pino,pinitos,,,45000.00,0.00,1,0,,144,Longchamps,biblioteca,living,1m,Nuevo,,pino,pinitos,,,55500.00,0.00,0,0,
producto,0.942,1.0,1.0,0.3333,1.0,1.0,1.0,1.0,1.0,1.0,1.0,5200.0,0.0937,0.0,0.0,143,Longchamps,biblioteca,living,80cm,Nuevo,,pino,pinitos,,,50300.00,0.00,1,0,,144,Longchamps,biblioteca,living,1m,Nuevo,,pino,pinitos,,,55500.00,0.00,0,0,
producto,0.942,1.0,1.0,0.3333,1.0,1.0,1.0,1.0,1.0,1.0,1.0,5200.0,0.0937,0.0,0.0,368,Vidriera,biblioteca,living,80cm,Nuevo,,pino,pinitos,,,50300.00,0.00,1,0,,144,Longchamps,biblioteca,living,1m,Nuevo,,pino,pinitos,,,55500.00,0.00,0,0,
producto,0.942,1.0,1.0,0.3333,1.0,1.0,1.0,1.0,1.0,1.0,1.0,17200.0,0.3099,0.0,0.0,141,Longchamps,biblioteca,living,40cm,Nuevo,,pino,pinitos,,,38300.00,0.00,2,0,,144,Longchamps,biblioteca,living,1m,Nuevo,,pino,pinitos,,,55500.00,0.00,0,0,
producto,0.942,1.0,1.0,0.3333,1.0,1.0,1.0,1.0,1.0,1.0,1.0,17200.0,0.3099,0.0,0.0,366,Vidriera,biblioteca,living,40cm,Nuevo,,pino,pinitos,,,38300.00,0.00,1,0,,144,Longchamps,biblioteca,living,1m,Nuevo,,pino,pinitos,,,55500.00,0.00,0,0,
producto,0.942,1.0,1.0,1.0,1.0,0.3333,1.0,1.0,1.0,1.0,1.0,0.0,0.0,0.0,0.0,197,Longchamps,tobogan 4 escalones,infantil,,Nuevo,rosa,plastico,,,,228000.00,0.00,1,0,,876,Longchamps,tobogan 4 escalones,infantil,,Nuevo,amarillo,plastico,,,,228000.00,0.00,1,0,
producto,0.942,1.0,1.0,1.0,1.0,0.3333,1.0,1.0,1.0,1.0,1.0,0.0,0.0,0.0,0.0,876,Longchamps,tobogan 4 escalones,infantil,,Nuevo,amarillo,plastico,,,,228000.00,0.00,1,0,,877,Longchamps,tobogan 4 escalones,infantil,,Nuevo,azul,plastico,,,,228000.00,0.00,1,0,
producto,0.942,1.0,1.0,0.3333,1.0,1.0,1.0,1.0,1.0,1.0,1.0,30000.0,0.4348,0.0,0.0,190,Longchamps,mesa plegable,comedor,70cm,Nuevo,,pino,ramon,,,39000.00,0.00,3,0,,46,Estacion,mesa plegable,comedor,2m,Nuevo,,pino,ramon,,,69000.00,0.00,1,0,
producto,0.942,1.0,1.0,0.3333,1.0,1.0,1.0,1.0,1.0,1.0,1.0,30000.0,0.4348,0.0,0.0,190,Longchamps,mesa plegable,comedor,70cm,Nuevo,,pino,ramon,,,39000.00,0.00,3,0,,121,Longchamps,mesa plegable,comedor,2m,Nuevo,,pino,ramon,,,69000.00,0.00,6,0,
producto,0.942,1.0,1.0,0.3333,1.0,1.0,1.0,1.0,1.0,1.0,1.0,30000.0,0.4348,0.0,0.0,190,Longchamps,mesa plegable,comedor,70cm,Nuevo,,pino,ramon,,,39000.00,0.00,3,0,,312,Vidriera,mesa plegable,comedor,2m,Nuevo,,pino,ramon,,,69000.00,0.00,1,0,
producto,0.942,1.0,1.0,0.3333,1.0,1.0,1.0,1.0,1.0,1.0,1.0,30000.0,0.4348,0.0,0.0,325,Vidriera,mesa plegable,comedor,70cm,Nuevo,,pino,ramon,,,39000.00,0.00,1,0,,46,Estacion,mesa plegable,comedor,2m,Nuevo,,pino,ramon,,,69000.00,0.00,1,0,
producto,0.942,1.0,1.0,0.3333,1.0,1.0,1.0,1.0,1.0,1.0,1.0,30000.0,0.4348,0.0,0.0,325,Vidriera,mesa plegable,comedor,70cm,Nuevo,,pino,ramon,,,39000.00,0.00,1,0,,121,Longchamps,mesa plegable,comedor,2m,Nuevo,,pino,ramon,,,69000.00,0.00,6,0,
producto,0.942,1.0,1.0,0.3333,1.0,1.0,1.0,1.0,1.0,1.0,1.0,30000.0,0.4348,0.0,0.0,325,Vidriera,mesa plegable,comedor,70cm,Nuevo,,pino,ramon,,,39000.00,0.00,1,0,,312,Vidriera,mesa plegable,comedor,2m,Nuevo,,pino,ramon,,,69000.00,0.00,1,0,
producto,0.942,1.0,1.0,0.3333,1.0,1.0,1.0,1.0,1.0,1.0,1.0,32500.0,0.471,0.0,0.0,172,Longchamps,mesa,comedor,70cm,Nuevo,,pino,ramon,,,36500.00,0.00,1,0,,178,Longchamps,mesa,comedor,2m,Nuevo,,pino,ramon,,,69000.00,0.00,1,0,
producto,0.942,1.0,1.0,0.3333,1.0,1.0,1.0,1.0,1.0,1.0,1.0,14000.0,0.2772,0.0,0.0,172,Longchamps,mesa,comedor,70cm,Nuevo,,pino,ramon,,,36500.00,0.00,1,0,,174,Longchamps,mesa,comedor,1m,Nuevo,,pino,ramon,,,50500.00,0.00,3,0,
producto,0.942,1.0,1.0,0.3333,1.0,1.0,1.0,1.0,1.0,1.0,1.0,32500.0,0.471,0.0,0.0,29,Estacion,mesa,comedor,70cm,Nuevo,,pino,ramon,,,36500.00,0.00,1,0,,178,Longchamps,mesa,comedor,2m,Nuevo,,pino,ramon,,,69000.00,0.00,1,0,
producto,0.942,1.0,1.0,0.3333,1.0,1.0,1.0,1.0,1.0,1.0,1.0,14000.0,0.2772,0.0,0.0,29,Estacion,mesa,comedor,70cm,Nuevo,,pino,ramon,,,36500.00,0.00,1,0,,174,Longchamps,mesa,comedor,1m,Nuevo,,pino,ramon,,,50500.00,0.00,3,0,
producto,0.942,1.0,1.0,0.3333,1.0,1.0,1.0,1.0,1.0,1.0,1.0,29000.0,0.4203,0.0,0.0,30,Estacion,mesa,comedor,80cm,Nuevo,,pino,ramon,,,40000.00,0.00,1,0,,178,Longchamps,mesa,comedor,2m,Nuevo,,pino,ramon,,,69000.00,0.00,1,0,
producto,0.942,1.0,1.0,0.3333,1.0,1.0,1.0,1.0,1.0,1.0,1.0,10500.0,0.2079,0.0,0.0,30,Estacion,mesa,comedor,80cm,Nuevo,,pino,ramon,,,40000.00,0.00,1,0,,174,Longchamps,mesa,comedor,1m,Nuevo,,pino,ramon,,,50500.00,0.00,3,0,
producto,0.942,1.0,1.0,0.3333,1.0,1.0,1.0,1.0,1.0,1.0,1.0,29000.0,0.4203,0.0,0.0,178,Longchamps,mesa,comedor,2m,Nuevo,,pino,ramon,,,69000.00,0.00,1,0,,584,Estacion,mesa,comedor,40cm,Nuevo,,pino,ramon,,,40000.00,0.00,1,0,
producto,0.942,1.0,1.0,0.3333,1.0,1.0,1.0,1.0,1.0,1.0,1.0,10500.0,0.2079,0.0,0.0,174,Longchamps,mesa,comedor,1m,Nuevo,,pino,ramon,,,50500.00,0.00,3,0,,584,Estacion,mesa,comedor,40cm,Nuevo,,pino,ramon,,,40000.00,0.00,1,0,
producto,0.942,1.0,1.0,0.3333,1.0,1.0,1.0,1.0,1.0,1.0,1.0,12500.0,0.2475,0.0,0.0,305,Vidriera,mesa eco,comedor,1m,Nuevo,,pino,ramon,,,50500.00,0.00,1,0,,307,Vidriera,mesa eco,comedor,80cm,Nuevo,,pino,ramon,,,38000.00,0.00,1,0,
producto,0.942,1.0,1.0,1.0,1.0,0.3333,1.0,1.0,1.0,1.0,1.0,0.0,0.0,0.0,0.0,470,Estacion,mesa,comedor,"1,50m",Nuevo,negro,melamina,alborada,,,280000.00,0.00,1,0,,466,Estacion,mesa,comedor,"1,50m",Nuevo,orinoco,melamina,alborada,,,280000.00,0.00,1,0,
producto,0.942,1.0,1.0,0.3333,1.0,1.0,1.0,1.0,1.0,1.0,1.0,10000.0,0.1429,0.0,0.0,24,Estacion,cajonera asia,dormitorio,1m,Nuevo,,pino,ramon,,,70000.00,0.00,1,0,,23,Estacion,cajonera asia,dormitorio,80cm,Nuevo,,pino,ramon,,,60000.00,0.00,1,0,
producto,0.942,1.0,1.0,0.3333,1.0,1.0,1.0,1.0,1.0,1.0,1.0,10000.0,0.1429,0.0,0.0,24,Estacion,cajonera asia,dormitorio,1m,Nuevo,,pino,ramon,,,70000.00,0.00,1,0,,373,Vidriera,cajonera asia,dormitorio,80cm,Nuevo,,pino,ramon,,,60000.00,0.00,1,0,
producto,0.942,1.0,1.0,0.3333,1.0,1.0,1.0,1.0,1.0,1.0,1.0,10000.0,0.1429,0.0,0.0,372,Vidriera,cajonera asia,dormitorio,1m,Nuevo,,pino,ramon,,,70000.00,0.00,1,0,,23,Estacion,cajonera asia,dormitorio,80cm,Nuevo,,pino,ramon,,,60000.00,0.00,1,0,
producto,0.942,1.0,1.0,0.3333,1.0,1.0,1.0,1.0,1.0,1.0,1.0,10000.0,0.1429,0.0,0.0,372,Vidriera,cajonera asia,dormitorio,1m,Nuevo,,pino,ramon,,,70000.00,0.00,1,0,,373,Vidriera,cajonera asia,dormitorio,80cm,Nuevo,,pino,ramon,,,60000.00,0.00,1,0,
producto,0.942,1.0,1.0,0.3333,1.0,1.0,1.0,1.0,1.0,1.0,1.0,10000.0,0.1429,0.0,0.0,23,Estacion,cajonera asia,dormitorio,80cm,Nuevo,,pino,ramon,,,60000.00,0.00,1,0,,139,Longchamps,cajonera asia,dormitorio,"1,0x1,0m",Nuevo,,pino,ramon,,,70000.00,0.00,6,0,
producto,0.942,1.0,1.0,0.3333,1.0,1.0,1.0,1.0,1.0,1.0,1.0,10000.0,0.1429,0.0,0.0,373,Vidriera,cajonera asia,dormitorio,80cm,Nuevo,,pino,ramon,,,60000.00,0.00,1,0,,139,Longchamps,cajonera asia,dormitorio,"1,0x1,0m",Nuevo,,pino,ramon,,,70000.00,0.00,6,0,
producto,0.942,1.0,1.0,0.3333,1.0,1.0,1.0,1.0,1.0,1.0,1.0,11900.0,0.1944,0.0,0.0,266,Longchamps,alacena,cocina,40cm,Nuevo,,pino,,,,49300.00,0.00,1,0,,277,Longchamps,alacena,cocina,1m,Nuevo,,pino,,,,61200.00,0.00,1,0,
producto,0.942,1.0,1.0,0.3333,1.0,1.0,1.0,1.0,1.0,1.0,1.0,79900.0,0.6184,0.0,0.0,266,Longchamps,alacena,cocina,40cm,Nuevo,,pino,,,,49300.00,0.00,1,0,,281,Longchamps,alacena,cocina,2m,Nuevo,,pino,,,,129200.00,0.00,2,0,
producto,0.942,1.0,1.0,0.3333,1.0,1.0,1.0,1.0,1.0,1.0,1.0,5100.0,0.0833,0.0,0.0,268,Longchamps,alacena,cocina,80cm,Nuevo,,pino,,,,56100.00,0.00,1,0,,277,Longchamps,alacena,cocina,1m,Nuevo,,pino,,,,61200.00,0.00,1,0,
producto,0.942,1.0,1.0,0.3333,1.0,1.0,1.0,1.0,1.0,1.0,1.0,73100.0,0.5658,0.0,0.0,268,Longchamps,alacena,cocina,80cm,Nuevo,,pino,,,,56100.00,0.00,1,0,,281,Longchamps,alacena,cocina,2m,Nuevo,,pino,,,,129200.00,0.00,2,0,
producto,0.942,1.0,1.0,1.0,1.0,0.3333,1.0,1.0,1.0,1.0,1.0,500.0,0.0041,0.0,0.0,502,Longchamps,alacena,cocina,"1,20m",Nuevo,blanco y venezia,melamina,mosconi,,,121500.00,0.00,1,0,,519,Vidriera,alacena,cocina,"1,20m",Nuevo,avellana,melamina,mosconi,,,122000.00,0.00,1,0,
producto,0.942,1.0,1.0,0.3333,1.0,1.0,1.0,1.0,1.0,1.0,1.0,45000.0,0.4339,0.0,0.0,258,Longchamps,bajo mesada,cocina,40cm,Nuevo,,pino,,,,58700.00,0.00,1,0,,260,Longchamps,bajo mesada,cocina,1m,Nuevo,,pino,,,,103700.00,0.00,1,0,
producto,0.942,1.0,1.0,0.3333,1.0,1.0,1.0,1.0,1.0,1.0,1.0,97700.0,0.6247,0.0,0.0,258,Longchamps,bajo mesada,cocina,40cm,Nuevo,,pino,,,,58700.00,0.00,1,0,,265,Longchamps,bajo mesada,cocina,2m,Nuevo,,pino,,,,156400.00,0.00,1,0,
producto,0.9415,0.9552,1.0,1.0,1.0,0.4615,1.0,1.0,1.0,1.0,1.0,178000.0,0.2713,0.0,0.0,467,Longchamps,placard darkar 12 puertas de abrir,dormitorio,,Nuevo,avellana,melamina,mosconi,,,656000.00,0.00,1,0,,480,Longchamps,placard darkar 8 puertas de abrir,dormitorio,,Nuevo,malta,melamina,mosconi,,,478000.00,0.00,2,0,
producto,0.9415,0.9552,1.0,1.0,1.0,0.4615,1.0,1.0,1.0,1.0,1.0,247000.0,0.3765,0.0,0.0,467,Longchamps,placard darkar 12 puertas de abrir,dormitorio,,Nuevo,avellana,melamina,mosconi,,,656000.00,0.00,1,0,,483,Longchamps,placard darkar 6 puertas de abrir,dormitorio,,Nuevo,malta,melamina,mosconi,,,409000.00,0.00,1,0,
producto,0.9415,0.9552,1.0,1.0,1.0,0.4615,1.0,1.0,1.0,1.0,1.0,91000.0,0.1599,0.0,0.0,478,Longchamps,placard darkar 10 puertas de abrir,dormitorio,,Nuevo,avellana,melamina,mosconi,,,569000.00,0.00,1,0,,480,Longchamps,placard darkar 8 puertas de abrir,dormitorio,,Nuevo,malta,melamina,mosconi,,,478000.00,0.00,2,0,
producto,0.9415,0.9552,1.0,1.0,1.0,0.4615,1.0,1.0,1.0,1.0,1.0,160000.0,0.2812,0.0,0.0,478,Longchamps,placard darkar 10 puertas de abrir,dormitorio,,Nuevo,avellana,melamina,mosconi,,,569000.00,0.00,1,0,,483,Longchamps,placard darkar 6 puertas de abrir,dormitorio,,Nuevo,malta,melamina,mosconi,,,409000.00,0.00,1,0,
producto,0.9415,0.9552,1.0,1.0,1.0,0.4615,1.0,1.0,1.0,1.0,1.0,247000.0,0.3765,0.0,0.0,469,Longchamps,placard darkar 12 puertas de abrir,dormitorio,,Nuevo,venezia,melamina,mosconi,,,656000.00,0.00,1,0,,482,Longchamps,placard darkar 6 puertas de abrir,dormitorio,,Nuevo,wengue,melamina,mosconi,,,409000.00,0.00,1,0,
producto,0.9415,0.9552,1.0,1.0,1.0,0.4615,1.0,1.0,1.0,1.0,1.0,178000.0,0.2713,0.0,0.0,468,Longchamps,placard darkar 12 puertas de abrir,dormitorio,,Nuevo,malta,melamina,mosconi,,,656000.00,0.00,1,0,,481,Longchamps,placard darkar 8 puertas de abrir,dormitorio,,Nuevo,avellana,melamina,mosconi,,,478000.00,0.00,1,0,
producto,0.9415,0.9552,1.0,1.0,1.0,0.4615,1.0,1.0,1.0,1.0,1.0,91000.0,0.1599,0.0,0.0,479,Longchamps,placard darkar 10 puertas de abrir,dormitorio,,Nuevo,malta,melamina,mosconi,,,569000.00,0.00,1,0,,481,Longchamps,placard darkar 8 puertas de abrir,dormitorio,,Nuevo,avellana,melamina,mosconi,,,478000.00,0.00,1,0,
producto,0.941,1.0,1.0,0.8,1.0,0.5217,1.0,1.0,1.0,1.0,1.0,22000.0,0.1533,0.0,0.0,501,Longchamps,alacena,cocina,"1,20m",Nuevo,blanco y avellana,melamina,mosconi,,,121500.00,0.00,1,0,,504,Longchamps,alacena,cocina,"1,40m",Nuevo,blanco,melamina,mosconi,,,143500.00,0.00,1,0,
producto,0.941,1.0,1.0,0.8,1.0,0.5217,1.0,1.0,1.0,1.0,1.0,37000.0,0.1737,0.0,0.0,509,Longchamps,bajo mesada,cocina,"1,20m",Nuevo,blanco y avellana,melamina,mosconi,,,176000.00,0.00,1,0,,510,Longchamps,bajo mesada,cocina,"1,40m",Nuevo,blanco,melamina,mosconi,,,213000.00,0.00,1,0,
producto,0.9405,1.0,1.0,1.0,1.0,0.3158,1.0,1.0,1.0,1.0,1.0,0.0,0.0,0.0,0.0,735,Longchamps,bicicleta niño,infantil,"rodado 12""",Nuevo,roja y amarilla,,aventura,,,118000.00,0.00,1,0,,512,Vidriera,bicicleta niño,infantil,"Rodado 12""",Nuevo,rojo,,aventura,,,118000.00,0.00,1,0,
producto,0.9402,0.9706,1.0,1.0,1.0,0.4,1.0,1.0,1.0,1.0,1.0,87000.0,0.1326,0.0,0.0,478,Longchamps,placard darkar 10 puertas de abrir,dormitorio,,Nuevo,avellana,melamina,mosconi,,,569000.00,0.00,1,0,,469,Longchamps,placard darkar 12 puertas de abrir,dormitorio,,Nuevo,venezia,melamina,mosconi,,,656000.00,0.00,1,0,
producto,0.9398,1.0,1.0,1.0,1.0,1.0,1.0,0.3077,1.0,1.0,1.0,15000.0,0.0938,0.0,0.0,618,Estacion,desmalezadora,herramientas,,Nuevo,,,mp tools,,,145000.00,0.00,2,0,,620,Estacion,desmalezadora,herramientas,,Nuevo,,,k.l.d,,,160000.00,0.00,1,0,
producto,0.9384,1.0,1.0,0.625,1.0,0.6667,1.0,1.0,1.0,1.0,1.0,20000.0,0.1429,0.0,0.0,551,Estacion,mesa eco,comedor,"1,50x80",Nuevo,venezia blanco,melamina,seba maña,,,140000.00,0.00,1,0,,463,Estacion,mesa eco,comedor,"1,20 x 70",Nuevo,venezia beige,melamina,seba maña,,,120000.00,0.00,1,0,
producto,0.9379,1.0,1.0,0.2857,1.0,1.0,1.0,1.0,1.0,1.0,1.0,3000.0,0.0882,0.0,0.0,45,Estacion,banco plegable,comedor,2m,Nuevo,,pino,ramon,,,34000.00,0.00,2,0,,123,Longchamps,banco plegable,comedor,"1,50m",Nuevo,,pino,ramon,,,31000.00,0.00,9,0,
producto,0.9379,1.0,1.0,0.2857,1.0,1.0,1.0,1.0,1.0,1.0,1.0,3000.0,0.0882,0.0,0.0,45,Estacion,banco plegable,comedor,2m,Nuevo,,pino,ramon,,,34000.00,0.00,2,0,,42,Estacion,banco plegable,comedor,"1,50m",Nuevo,,pino,ramon,,,31000.00,0.00,2,0,
producto,0.9379,1.0,1.0,0.2857,1.0,1.0,1.0,1.0,1.0,1.0,1.0,3000.0,0.0882,0.0,0.0,124,Longchamps,banco plegable,comedor,2m,Nuevo,,pino,ramon,,,34000.00,0.00,7,0,,123,Longchamps,banco plegable,comedor,"1,50m",Nuevo,,pino,ramon,,,31000.00,0.00,9,0,
producto,0.9379,1.0,1.0,0.2857,1.0,1.0,1.0,1.0,1.0,1.0,1.0,3000.0,0.0882,0.0,0.0,124,Longchamps,banco plegable,comedor,2m,Nuevo,,pino,ramon,,,34000.00,0.00,7,0,,42,Estacion,banco plegable,comedor,"1,50m",Nuevo,,pino,ramon,,,31000.00,0.00,2,0,
producto,0.9379,1.0,1.0,0.2857,1.0,1.0,1.0,1.0,1.0,1.0,1.0,3000.0,0.0882,0.0,0.0,314,Vidriera,banco plegable,comedor,2m,Nuevo,,pino,ramon,,,34000.00,0.00,3,0,,123,Longchamps,banco plegable,comedor,"1,50m",Nuevo,,pino,ramon,,,31000.00,0.00,9,0,
producto,0.9379,1.0,1.0,0.2857,1.0,1.0,1.0,1.0,1.0,1.0,1.0,3000.0,0.0882,0.0,0.0,314,Vidriera,banco plegable,comedor,2m,Nuevo,,pino,ramon,,,34000.00,0.00,3,0,,42,Estacion,banco plegable,comedor,"1,50m",Nuevo,,pino,ramon,,,31000.00,0.00,2,0,
producto,0.9379,1.0,1.0,0.2857,1.0,1.0,1.0,1.0,1.0,1.0,1.0,12500.0,0.1812,0.0,0.0,175,Longchamps,mesa,comedor,"1,40m",Nuevo,,pino,ramon,,,56500.00,0.00,3,0,,178,Longchamps,mesa,comedor,2m,Nuevo,,pino,ramon,,,69000.00,0.00,1,0,
producto,0.9379,1.0,1.0,0.2857,1.0,1.0,1.0,1.0,1.0,1.0,1.0,12500.0,0.1812,0.0,0.0,411,Estacion,mesa,comedor,"1,40m",Nuevo,,pino,ramon,,,56500.00,0.00,1,0,,178,Longchamps,mesa,comedor,2m,Nuevo,,pino,ramon,,,69000.00,0.00,1,0,
producto,0.9379,1.0,1.0,0.2857,1.0,1.0,1.0,1.0,1.0,1.0,1.0,7000.0,0.1014,0.0,0.0,46,Estacion,mesa plegable,comedor,2m,Nuevo,,pino,ramon,,,69000.00,0.00,1,0,,43,Estacion,mesa plegable,comedor,"1,50m",Nuevo,,pino,ramon,,,62000.00,0.00,1,0,
producto,0.9379,1.0,1.0,0.2857,1.0,1.0,1.0,1.0,1.0,1.0,1.0,7000.0,0.1014,0.0,0.0,46,Estacion,mesa plegable,comedor,2m,Nuevo,,pino,ramon,,,69000.00,0.00,1,0,,122,Longchamps,mesa plegable,comedor,"1,50m",Nuevo,,pino,ramon,,,62000.00,0.00,3,0,
producto,0.9379,1.0,1.0,0.2857,1.0,1.0,1.0,1.0,1.0,1.0,1.0,7000.0,0.1014,0.0,0.0,121,Longchamps,mesa plegable,comedor,2m,Nuevo,,pino,ramon,,,69000.00,0.00,6,0,,43,Estacion,mesa plegable,comedor,"1,50m",Nuevo,,pino,ramon,,,62000.00,0.00,1,0,
producto,0.9379,1.0,1.0,0.2857,1.0,1.0,1.0,1.0,1.0,1.0,1.0,7000.0,0.1014,0.0,0.0,121,Longchamps,mesa plegable,comedor,2m,Nuevo,,pino,ramon,,,69000.00,0.00,6,0,,122,Longchamps,mesa plegable,comedor,"1,50m",Nuevo,,pino,ramon,,,62000.00,0.00,3,0,
producto,0.9379,1.0,1.0,0.2857,1.0,1.0,1.0,1.0,1.0,1.0,1.0,7000.0,0.1014,0.0,0.0,312,Vidriera,mesa plegable,comedor,2m,Nuevo,,pino,ramon,,,69000.00,0.00,1,0,,43,Estacion,mesa plegable,comedor,"1,50m",Nuevo,,pino,ramon,,,62000.00,0.00,1,0,
producto,0.9379,1.0,1.0,0.2857,1.0,1.0,1.0,1.0,1.0,1.0,1.0,7000.0,0.1014,0.0,0.0,312,Vidriera,mesa plegable,comedor,2m,Nuevo,,pino,ramon,,,69000.00,0.00,1,0,,122,Longchamps,mesa plegable,comedor,"1,50m",Nuevo,,pino,ramon,,,62000.00,0.00,3,0,
producto,0.9379,1.0,1.0,0.2857,1.0,1.0,1.0,1.0,1.0,1.0,1.0,9000.0,0.1304,0.0,0.0,176,Longchamps,mesa,comedor,"1,60m",Nuevo,,pino,ramon,,,60000.00,0.00,0,0,,178,Longchamps,mesa,comedor,2m,Nuevo,,pino,ramon,,,69000.00,0.00,1,0,
producto,0.9379,1.0,1.0,0.2857,1.0,1.0,1.0,1.0,1.0,1.0,1.0,5000.0,0.0725,0.0,0.0,178,Longchamps,mesa,comedor,2m,Nuevo,,pino,ramon,,,69000.00,0.00,1,0,,177,Longchamps,mesa,comedor,"1,80m",Nuevo,,pino,ramon,,,64000.00,0.00,2,0,
producto,0.9379,1.0,1.0,0.2857,1.0,1.0,1.0,1.0,1.0,1.0,1.0,47000.0,0.1281,0.0,0.0,535,Longchamps,placard alto,dormitorio,"1,60m",Nuevo,,pino,santa ana,,,320000.00,0.00,2,0,,536,Longchamps,placard alto,dormitorio,2m,Nuevo,,pino,santa ana,,,367000.00,0.00,3,0,
producto,0.9379,1.0,1.0,0.2857,1.0,1.0,1.0,1.0,1.0,1.0,1.0,46700.0,0.3615,0.0,0.0,279,Longchamps,alacena,cocina,"1,40m",Nuevo,,pino,,,,82500.00,0.00,2,0,,281,Longchamps,alacena,cocina,2m,Nuevo,,pino,,,,129200.00,0.00,2,0,
producto,0.9379,1.0,1.0,0.2857,1.0,1.0,1.0,1.0,1.0,1.0,1.0,34000.0,0.2632,0.0,0.0,280,Longchamps,alacena,cocina,"1,60m",Nuevo,,pino,,,,95200.00,0.00,1,0,,281,Longchamps,alacena,cocina,2m,Nuevo,,pino,,,,129200.00,0.00,2,0,
producto,0.9379,1.0,1.0,0.2857,1.0,1.0,1.0,1.0,1.0,1.0,1.0,40800.0,0.2609,0.0,0.0,262,Longchamps,bajo mesada,cocina,"1,40m",Nuevo,,pino,,,,115600.00,0.00,1,0,,265,Longchamps,bajo mesada,cocina,2m,Nuevo,,pino,,,,156400.00,0.00,1,0,
producto,0.9379,1.0,1.0,0.2857,1.0,1.0,1.0,1.0,1.0,1.0,1.0,27200.0,0.1739,0.0,0.0,263,Longchamps,bajo mesada,cocina,"1,60m",Nuevo,,pino,,,,129200.00,0.00,1,0,,265,Longchamps,bajo mesada,cocina,2m,Nuevo,,pino,,,,156400.00,0.00,1,0,
producto,0.9379,1.0,1.0,0.2857,1.0,1.0,1.0,1.0,1.0,1.0,1.0,15300.0,0.0978,0.0,0.0,264,Longchamps,bajo mesada,cocina,"1,80m",Nuevo,,pino,,,,141100.00,0.00,1,0,,265,Longchamps,bajo mesada,cocina,2m,Nuevo,,pino,,,,156400.00,0.00,1,0,
producto,0.9379,1.0,1.0,0.2857,1.0,1.0,1.0,1.0,1.0,1.0,1.0,25000.0,0.133,0.0,0.0,429,Longchamps,mesada,cocina,"1,60m",Nuevo,.,granitex,.,,,163000.00,0.00,1,0,,434,Longchamps,mesada,cocina,2m,Nuevo,.,granitex,.,,,188000.00,0.00,0,0,
producto,0.9379,1.0,1.0,0.2857,1.0,1.0,1.0,1.0,1.0,1.0,1.0,49000.0,0.2606,0.0,0.0,428,Longchamps,mesada,cocina,"1,40m",Nuevo,.,granitex,.,,,139000.00,0.00,1,0,,434,Longchamps,mesada,cocina,2m,Nuevo,.,granitex,.,,,188000.00,0.00,0,0,
combo,0.9378,1.0,1.0,0.2857,1.0,1.0,1.0,1.0,1.0,1.0,0.9375,15000.0,0.1154,0.0,0.0,44,Estacion,combo quincho,jardin,"1,50m",Nuevo,,pino,ramon,,,115000.00,0.00,0,1,"banco plegable|bancos|1 50m|nuevo||ramon:2,mesa plegable|mesas|1 50m|nuevo||ramon:1",47,Estacion,combo quincho,jardin,2m,Nuevo,,pino,ramon,,,130000.00,0.00,0,1,"banco plegable|bancos|2m|nuevo||ramon:2,mesa plegable|mesas|2m|nuevo||ramon:1"
combo,0.9378,1.0,1.0,0.2857,1.0,1.0,1.0,1.0,1.0,1.0,0.9375,15000.0,0.1154,0.0,0.0,44,Estacion,combo quincho,jardin,"1,50m",Nuevo,,pino,ramon,,,115000.00,0.00,0,1,"banco plegable|bancos|1 50m|nuevo||ramon:2,mesa plegable|mesas|1 50m|nuevo||ramon:1",148,Longchamps,combo quincho,jardin,2m,Nuevo,,pino,ramon,,,130000.00,0.00,0,1,"banco plegable|bancos|2m|nuevo||ramon:2,mesa plegable|mesas|2m|nuevo||ramon:1"
combo,0.9378,1.0,1.0,0.2857,1.0,1.0,1.0,1.0,1.0,1.0,0.9375,15000.0,0.1154,0.0,0.0,44,Estacion,combo quincho,jardin,"1,50m",Nuevo,,pino,ramon,,,115000.00,0.00,0,1,"banco plegable|bancos|1 50m|nuevo||ramon:2,mesa plegable|mesas|1 50m|nuevo||ramon:1",315,Vidriera,combo quincho,jardin,2m,Nuevo,,pino,ramon,,,130000.00,0.00,0,1,"banco plegable|bancos|2m|nuevo||ramon:2,mesa plegable|mesas|2m|nuevo||ramon:1"
combo,0.9378,1.0,1.0,0.2857,1.0,1.0,1.0,1.0,1.0,1.0,0.9375,15000.0,0.1154,0.0,0.0,191,Longchamps,combo quincho,jardin,"1,50m",Nuevo,,pino,ramon,,,115000.00,0.00,0,1,"banco plegable|bancos|1 50m|nuevo||ramon:2,mesa plegable|mesas|1 50m|nuevo||ramon:1",47,Estacion,combo quincho,jardin,2m,Nuevo,,pino,ramon,,,130000.00,0.00,0,1,"banco plegable|bancos|2m|nuevo||ramon:2,mesa plegable|mesas|2m|nuevo||ramon:1"
combo,0.9378,1.0,1.0,0.2857,1.0,1.0,1.0,1.0,1.0,1.0,0.9375,15000.0,0.1154,0.0,0.0,191,Longchamps,combo quincho,jardin,"1,50m",Nuevo,,pino,ramon,,,115000.00,0.00,0,1,"banco plegable|bancos|1 50m|nuevo||ramon:2,mesa plegable|mesas|1 50m|nuevo||ramon:1",148,Longchamps,combo quincho,jardin,2m,Nuevo,,pino,ramon,,,130000.00,0.00,0,1,"banco plegable|bancos|2m|nuevo||ramon:2,mesa plegable|mesas|2m|nuevo||ramon:1"
combo,0.9378,1.0,1.0,0.2857,1.0,1.0,1.0,1.0,1.0,1.0,0.9375,15000.0,0.1154,0.0,0.0,191,Longchamps,combo quincho,jardin,"1,50m",Nuevo,,pino,ramon,,,115000.00,0.00,0,1,"banco plegable|bancos|1 50m|nuevo||ramon:2,mesa plegable|mesas|1 50m|nuevo||ramon:1",315,Vidriera,combo quincho,jardin,2m,Nuevo,,pino,ramon,,,130000.00,0.00,0,1,"banco plegable|bancos|2m|nuevo||ramon:2,mesa plegable|mesas|2m|nuevo||ramon:1"
producto,0.9374,0.9394,1.0,1.0,1.0,0.4615,1.0,1.0,1.0,1.0,1.0,160000.0,0.2812,0.0,0.0,477,Longchamps,placard dakar 10 puertas de abrir,dormitorio,,Nuevo,venezia,melamina,mosconi,,,569000.00,0.00,2,0,,482,Longchamps,placard darkar 6 puertas de abrir,dormitorio,,Nuevo,wengue,melamina,mosconi,,,409000.00,0.00,1,0,
producto,0.9373,0.95,1.0,1.0,1.0,0.4286,1.0,1.0,1.0,1.0,1.0,144000.0,0.4768,0.0,0.0,203,Longchamps,placard millenium 24,dormitorio,,Nuevo,blanco,melamina,mosconi,,,302000.00,0.00,1,0,,497,Longchamps,placard millenium 22,dormitorio,,Nuevo,avellana,melamina,mosconi,,,158000.00,0.00,1,0,
producto,0.9373,0.95,1.0,1.0,1.0,0.4286,1.0,1.0,1.0,1.0,1.0,251000.0,0.6137,0.0,0.0,489,Longchamps,placard millenium 26,dormitorio,,Nuevo,blanco,melamina,mosconi,,,409000.00,0.00,1,0,,497,Longchamps,placard millenium 22,dormitorio,,Nuevo,avellana,melamina,mosconi,,,158000.00,0.00,1,0,
producto,0.9372,1.0,1.0,0.7778,1.0,0.5,1.0,1.0,1.0,1.0,1.0,27000.0,0.1007,0.0,0.0,156,Estacion,bicicleta,deportes,"Rodado 16""",Nuevo,naranja,caño,futura,,,241000.00,0.00,1,0,,152,Estacion,bicicleta,deportes,"Rodado 24""",Nuevo,negra,caño,futura,,,268000.00,0.00,1,0,
producto,0.9362,1.0,1.0,1.0,1.0,0.2667,1.0,1.0,1.0,1.0,1.0,0.0,0.0,0.0,0.0,873,Longchamps,tobogan 5 escalones,infantil,,Nuevo,naranja,plastico,,,,242000.00,0.00,2,0,,874,Longchamps,tobogan 5 escalones,infantil,,Nuevo,amarillo,plastico,,,,242000.00,0.00,4,0,
producto,0.9362,1.0,1.0,0.6,1.0,0.6667,1.0,1.0,1.0,1.0,1.0,108700.0,0.2818,0.0,0.0,526,Longchamps,aparador de cocina,cocina,"1,20m",Nuevo,blanco malta,melamina,mosconi,,,385700.00,0.00,1,0,,527,Longchamps,aparador de cocina,cocina,"0,90m",Nuevo,blanco,melamina,mosconi,,,277000.00,0.00,2,0,
producto,0.9361,0.9552,1.0,1.0,1.0,0.4,1.0,1.0,1.0,1.0,1.0,87000.0,0.1326,0.0,0.0,467,Longchamps,placard darkar 12 puertas de abrir,dormitorio,,Nuevo,avellana,melamina,mosconi,,,656000.00,0.00,1,0,,477,Longchamps,placard dakar 10 puertas de abrir,dormitorio,,Nuevo,venezia,melamina,mosconi,,,569000.00,0.00,2,0,
combo,0.9351,1.0,1.0,0.2857,1.0,1.0,1.0,1.0,1.0,1.0,0.9194,69000.0,0.3067,0.0,0.0,449,Longchamps,combo bajo y alacena,cocina,"1,40m",Nuevo,,pino,pinitos,,,156000.00,0.00,0,1,"alacena|mueble|1 40m|nuevo||:1,bajo mesada|mueble|1 40m|nuevo||:1",453,Longchamps,combo bajo y alacena,cocina,2m,Nuevo,.,pino,pinitos,,,225000.00,0.00,0,1,"alacena|mueble|2m|nuevo||:1,bajo mesada|mueble|2m|nuevo||:1"
combo,0.9351,1.0,1.0,0.2857,1.0,1.0,1.0,1.0,1.0,1.0,0.9194,52500.0,0.2333,0.0,0.0,451,Longchamps,combo bajo y alacena,cocina,"1,60m",Nuevo,.,pino,pinitos,,,172500.00,0.00,0,1,"alacena|mueble|1 60m|nuevo||:1,bajo mesada|mueble|1 60m|nuevo||:1",453,Longchamps,combo bajo y alacena,cocina,2m,Nuevo,.,pino,pinitos,,,225000.00,0.00,0,1,"alacena|mueble|2m|nuevo||:1,bajo mesada|mueble|2m|nuevo||:1"
producto,0.9348,1.0,1.0,1.0,1.0,0.25,1.0,1.0,1.0,1.0,1.0,0.0,0.0,0.0,0.0,197,Longchamps,tobogan 4 escalones,infantil,,Nuevo,rosa,plastico,,,,228000.00,0.00,1,0,,877,Longchamps,tobogan 4 escalones,infantil,,Nuevo,azul,plastico,,,,228000.00,0.00,1,0,
producto,0.9348,1.0,1.0,0.25,1.0,1.0,1.0,1.0,1.0,1.0,1.0,23000.0,0.371,0.0,0.0,190,Longchamps,mesa plegable,comedor,70cm,Nuevo,,pino,ramon,,,39000.00,0.00,3,0,,311,Vidriera,mesa plegable,comedor,"1,50",Nuevo,,pino,ramon,,,62000.00,0.00,1,0,
producto,0.9348,1.0,1.0,0.25,1.0,1.0,1.0,1.0,1.0,1.0,1.0,23000.0,0.371,0.0,0.0,325,Vidriera,mesa plegable,comedor,70cm,Nuevo,,pino,ramon,,,39000.00,0.00,1,0,,311,Vidriera,mesa plegable,comedor,"1,50",Nuevo,,pino,ramon,,,62000.00,0.00,1,0,
producto,0.9348,1.0,1.0,1.0,1.0,1.0,0.25,1.0,1.0,1.0,1.0,92500.0,0.1837,0.0,0.0,248,Longchamps,cocina master classic,cocina,,Nuevo,negro,acero,escorial,,,503500.00,0.00,2,0,,637,Estacion,cocina master classic,cocina,,Nuevo,negro,gas natural,escorial,,,411000.00,0.00,1,0,
producto,0.9341,0.9474,1.0,1.0,1.0,0.4,1.0,1.0,1.0,1.0,1.0,118000.0,0.5175,0.0,0.0,877,Longchamps,tobogan 4 escalones,infantil,,Nuevo,azul,plastico,,,,228000.00,0.00,1,0,,879,Longchamps,tobogan 2 escalones,infantil,,Nuevo,azul con naranja,plastico,,,,110000.00,0.00,2,0,
combo,0.9332,1.0,1.0,0.25,1.0,1.0,1.0,1.0,1.0,1.0,0.9241,15000.0,0.1154,0.0,0.0,47,Estacion,combo quincho,jardin,2m,Nuevo,,pino,ramon,,,130000.00,0.00,0,1,"banco plegable|bancos|2m|nuevo||ramon:2,mesa plegable|mesas|2m|nuevo||ramon:1",586,Vidriera,combo quincho,jardin,"1,50cm",Nuevo,,pino,ramon,,,115000.00,0.00,0,1,"banco plegable|bancos|1 50|nuevo||ramon:2,mesa plegable|mesas|1 50|nuevo||ramon:1"
combo,0.9332,1.0,1.0,0.25,1.0,1.0,1.0,1.0,1.0,1.0,0.9241,15000.0,0.1154,0.0,0.0,148,Longchamps,combo quincho,jardin,2m,Nuevo,,pino,ramon,,,130000.00,0.00,0,1,"banco plegable|bancos|2m|nuevo||ramon:2,mesa plegable|mesas|2m|nuevo||ramon:1",586,Vidriera,combo quincho,jardin,"1,50cm",Nuevo,,pino,ramon,,,115000.00,0.00,0,1,"banco plegable|bancos|1 50|nuevo||ramon:2,mesa plegable|mesas|1 50|nuevo||ramon:1"
combo,0.9332,1.0,1.0,0.25,1.0,1.0,1.0,1.0,1.0,1.0,0.9241,15000.0,0.1154,0.0,0.0,315,Vidriera,combo quincho,jardin,2m,Nuevo,,pino,ramon,,,130000.00,0.00,0,1,"banco plegable|bancos|2m|nuevo||ramon:2,mesa plegable|mesas|2m|nuevo||ramon:1",586,Vidriera,combo quincho,jardin,"1,50cm",Nuevo,,pino,ramon,,,115000.00,0.00,0,1,"banco plegable|bancos|1 50|nuevo||ramon:2,mesa plegable|mesas|1 50|nuevo||ramon:1"
producto,0.9329,0.9333,1.0,0.6667,1.0,0.7619,1.0,1.0,1.0,1.0,1.0,55000.0,0.1111,0.0,0.0,595,Vidriera,sillon combo 66,living,"1,80x80cm",Nuevo,gris claro,tela pana,,,,440000.00,0.00,2,0,,590,Vidriera,sillon combo 61,living,"2,10x90cm",Nuevo,gris oscuro,tela pana,,,,495000.00,0.00,1,0,
producto,0.9329,1.0,1.0,0.8,1.0,0.4286,1.0,1.0,1.0,1.0,1.0,21500.0,0.1498,0.0,0.0,504,Longchamps,alacena,cocina,"1,40m",Nuevo,blanco,melamina,mosconi,,,143500.00,0.00,1,0,,519,Vidriera,alacena,cocina,"1,20m",Nuevo,avellana,melamina,mosconi,,,122000.00,0.00,1,0,
producto,0.9329,1.0,1.0,0.8,1.0,0.4286,1.0,1.0,1.0,1.0,1.0,0.0,0.0,0.0,0.0,508,Longchamps,bajo mesada,cocina,"1,20m",Nuevo,blanco,melamina,mosconi,,,176000.00,0.00,2,0,,518,Vidriera,bajo mesada,cocina,120cm,Nuevo,avellana,melamina,mosconi,,,176000.00,0.00,1,0,
producto,0.9325,1.0,1.0,0.8235,1.0,0.4,1.0,1.0,1.0,1.0,1.0,15000.0,0.25,0.0,0.0,565,Estacion,respaldo,dormitorio,1/2plaza,Nuevo,negro,pana,cañete,,,45000.00,0.00,1,0,,569,Estacion,respaldo,dormitorio,2/2plazas,Nuevo,bordo,pana,cañete,,,60000.00,0.00,1,0,
producto,0.9324,1.0,1.0,1.0,1.0,0.2222,1.0,1.0,1.0,1.0,1.0,0.0,0.0,0.0,0.0,197,Longchamps,tobogan 4 escalones,infantil,,Nuevo,rosa,plastico,,,,228000.00,0.00,1,0,,878,Longchamps,tobogan 4 escalones,infantil,,Nuevo,verde,plastico,,,,228000.00,0.00,1,0,
producto,0.9324,1.0,1.0,1.0,1.0,0.2222,1.0,1.0,1.0,1.0,1.0,0.0,0.0,0.0,0.0,202,Longchamps,placard millenium 24,dormitorio,,Nuevo,bambu,melamina,mosconi,,,302000.00,0.00,1,0,,201,Longchamps,placard millenium 24,dormitorio,,Nuevo,tiza,melamina,mosconi,,,302000.00,0.00,1,0,
producto,0.9324,1.0,1.0,1.0,1.0,1.0,1.0,1.0,0.2222,1.0,1.0,5500.0,0.0803,0.0,0.0,722,Cane,cortadora de pelo,cuidado personal,,Nuevo,,,remington,R36A,,63000.00,0.00,1,0,,725,Cane,cortadora de pelo,cuidado personal,,Nuevo,,,remington,PG03B',,68500.00,0.00,1,0,
producto,0.932,0.9394,1.0,1.0,1.0,0.4,1.0,1.0,1.0,1.0,1.0,91000.0,0.1599,0.0,0.0,481,Longchamps,placard darkar 8 puertas de abrir,dormitorio,,Nuevo,avellana,melamina,mosconi,,,478000.00,0.00,1,0,,477,Longchamps,placard dakar 10 puertas de abrir,dormitorio,,Nuevo,venezia,melamina,mosconi,,,569000.00,0.00,2,0,
producto,0.9316,0.95,1.0,1.0,1.0,0.3636,1.0,1.0,1.0,1.0,1.0,144000.0,0.4768,0.0,0.0,487,Longchamps,placard millenium 22,dormitorio,,Nuevo,bambu,melamina,mosconi,,,158000.00,0.00,1,0,,203,Longchamps,placard millenium 24,dormitorio,,Nuevo,blanco,melamina,mosconi,,,302000.00,0.00,1,0,
producto,0.9316,0.95,1.0,1.0,1.0,0.3636,1.0,1.0,1.0,1.0,1.0,251000.0,0.6137,0.0,0.0,487,Longchamps,placard millenium 22,dormitorio,,Nuevo,bambu,melamina,mosconi,,,158000.00,0.00,1,0,,489,Longchamps,placard millenium 26,dormitorio,,Nuevo,blanco,melamina,mosconi,,,409000.00,0.00,1,0,
producto,0.9316,0.95,1.0,1.0,1.0,0.3636,1.0,1.0,1.0,1.0,1.0,107000.0,0.2616,0.0,0.0,202,Longchamps,placard millenium 24,dormitorio,,Nuevo,bambu,melamina,mosconi,,,302000.00,0.00,1,0,,489,Longchamps,placard millenium 26,dormitorio,,Nuevo,blanco,melamina,mosconi,,,409000.00,0.00,1,0,
producto,0.9316,0.95,1.0,1.0,1.0,0.3636,1.0,1.0,1.0,1.0,1.0,144000.0,0.4768,0.0,0.0,202,Longchamps,placard millenium 24,dormitorio,,Nuevo,bambu,melamina,mosconi,,,302000.00,0.00,1,0,,496,Longchamps,placard millenium 22,dormitorio,,Nuevo,blanco,melamina,mosconi,,,158000.00,0.00,1,0,
producto,0.9316,0.95,1.0,1.0,1.0,0.3636,1.0,1.0,1.0,1.0,1.0,79900.0,0.2646,0.0,0.0,486,Longchamps,placard millenium 23,dormitorio,,Nuevo,bambu,melamina,mosconi,,,222100.00,0.00,2,0,,203,Longchamps,placard millenium 24,dormitorio,,Nuevo,blanco,melamina,mosconi,,,302000.00,0.00,1,0,
producto,0.9316,0.95,1.0,1.0,1.0,0.3636,1.0,1.0,1.0,1.0,1.0,186900.0,0.457,0.0,0.0,486,Longchamps,placard millenium 23,dormitorio,,Nuevo,bambu,melamina,mosconi,,,222100.00,0.00,2,0,,489,Longchamps,placard millenium 26,dormitorio,,Nuevo,blanco,melamina,mosconi,,,409000.00,0.00,1,0,
producto,0.9316,0.95,1.0,1.0,1.0,0.3636,1.0,1.0,1.0,1.0,1.0,64100.0,0.2886,0.0,0.0,486,Longchamps,placard millenium 23,dormitorio,,Nuevo,bambu,melamina,mosconi,,,222100.00,0.00,2,0,,496,Longchamps,placard millenium 22,dormitorio,,Nuevo,blanco,melamina,mosconi,,,158000.00,0.00,1,0,
producto,0.9316,0.95,1.0,1.0,1.0,0.3636,1.0,1.0,1.0,1.0,1.0,107000.0,0.2616,0.0,0.0,491,Longchamps,placard millenium 26,dormitorio,,Nuevo,bambu,melamina,mosconi,,,409000.00,0.00,1,0,,203,Longchamps,placard millenium 24,dormitorio,,Nuevo,blanco,melamina,mosconi,,,302000.00,0.00,1,0,
producto,0.9316,0.95,1.0,1.0,1.0,0.3636,1.0,1.0,1.0,1.0,1.0,251000.0,0.6137,0.0,0.0,491,Longchamps,placard millenium 26,dormitorio,,Nuevo,bambu,melamina,mosconi,,,409000.00,0.00,1,0,,496,Longchamps,placard millenium 22,dormitorio,,Nuevo,blanco,melamina,mosconi,,,158000.00,0.00,1,0,
producto,0.9316,0.95,1.0,1.0,1.0,0.3636,1.0,1.0,1.0,1.0,1.0,186900.0,0.457,0.0,0.0,485,Longchamps,placard millenium 23,dormitorio,,Nuevo,green,melamina,mosconi,,,222100.00,0.00,3,0,,490,Longchamps,placard millenium 26,dormitorio,,Nuevo,wengue,melamina,mosconi,,,409000.00,0.00,1,0,
producto,0.9309,0.9474,1.0,1.0,1.0,0.3636,1.0,1.0,1.0,1.0,1.0,14000.0,0.0579,0.0,0.0,197,Longchamps,tobogan 4 escalones,infantil,,Nuevo,rosa,plastico,,,,228000.00,0.00,1,0,,873,Longchamps,tobogan 5 escalones,infantil,,Nuevo,naranja,plastico,,,,242000.00,0.00,2,0,
producto,0.9304,1.0,1.0,1.0,1.0,0.2,1.0,1.0,1.0,1.0,1.0,0.0,0.0,0.0,0.0,487,Longchamps,placard millenium 22,dormitorio,,Nuevo,bambu,melamina,mosconi,,,158000.00,0.00,1,0,,492,Longchamps,placard millenium 22,dormitorio,,Nuevo,tissa,melamina,mosconi,,,158000.00,0.00,1,0,
producto,0.9304,1.0,1.0,1.0,1.0,0.2,1.0,1.0,1.0,1.0,1.0,0.0,0.0,0.0,0.0,203,Longchamps,placard millenium 24,dormitorio,,Nuevo,blanco,melamina,mosconi,,,302000.00,0.00,1,0,,201,Longchamps,placard millenium 24,dormitorio,,Nuevo,tiza,melamina,mosconi,,,302000.00,0.00,1,0,
producto,0.9304,1.0,1.0,1.0,1.0,0.2,1.0,1.0,1.0,1.0,1.0,0.0,0.0,0.0,0.0,483,Longchamps,placard darkar 6 puertas de abrir,dormitorio,,Nuevo,malta,melamina,mosconi,,,409000.00,0.00,1,0,,484,Longchamps,placard darkar 6 puertas de abrir,dormitorio,,Nuevo,bambu,melamina,mosconi,,,409000.00,0.00,1,0,
producto,0.9304,1.0,1.0,0.8,1.0,0.4,1.0,1.0,1.0,1.0,1.0,0.0,0.0,0.0,0.0,507,Longchamps,bajo mesada,cocina,"1,20m",Nuevo,blanco malta,melamina,mosconi,,,176000.00,0.00,1,0,,518,Vidriera,bajo mesada,cocina,120cm,Nuevo,avellana,melamina,mosconi,,,176000.00,0.00,1,0,
producto,0.9304,0.95,1.0,1.0,1.0,0.75,1.0,0.6,1.0,1.0,1.0,0.0,0.0,0.0,0.0,421,Vidriera,bordeadora electrica,herramientas,,Nuevo,rojo,,omaha,,,85000.00,0.00,1,0,,702,Longchamps,bordiadora electrica,herramientas,,Nuevo,roja,,ohama,,,85000.00,0.00,1,0,
producto,0.93,0.9697,1.0,1.0,1.0,0.2857,1.0,1.0,1.0,1.0,1.0,69000.0,0.1444,0.0,0.0,481,Longchamps,placard darkar 8 puertas de abrir,dormitorio,,Nuevo,avellana,melamina,mosconi,,,478000.00,0.00,1,0,,482,Longchamps,placard darkar 6 puertas de abrir,dormitorio,,Nuevo,wengue,melamina,mosconi,,,409000.00,0.00,1,0,
producto,0.9293,1.0,1.0,0.8235,1.0,0.3636,1.0,1.0,1.0,1.0,1.0,15000.0,0.25,0.0,0.0,565,Estacion,respaldo,dormitorio,1/2plaza,Nuevo,negro,pana,cañete,,,45000.00,0.00,1,0,,568,Estacion,respaldo,dormitorio,2/2plazas,Nuevo,marron,pana,cañete,,,60000.00,0.00,1,0,
producto,0.9289,1.0,1.0,0.1818,1.0,1.0,1.0,1.0,1.0,1.0,1.0,1500.0,0.0395,0.0,0.0,306,Vidriera,mesa eco,comedor,70 x 70,Nuevo,,pino,ramon,,,36500.00,0.00,1,0,,307,Vidriera,mesa eco,comedor,80cm,Nuevo,,pino,ramon,,,38000.00,0.00,1,0,
producto,0.9289,1.0,1.0,1.0,1.0,0.1818,1.0,1.0,1.0,1.0,1.0,0.0,0.0,0.0,0.0,491,Longchamps,placard millenium 26,dormitorio,,Nuevo,bambu,melamina,mosconi,,,409000.00,0.00,1,0,,490,Longchamps,placard millenium 26,dormitorio,,Nuevo,wengue,melamina,mosconi,,,409000.00,0.00,1,0,
producto,0.9289,1.0,1.0,1.0,1.0,0.1818,1.0,1.0,1.0,1.0,1.0,0.0,0.0,0.0,0.0,489,Longchamps,placard millenium 26,dormitorio,,Nuevo,blanco,melamina,mosconi,,,409000.00,0.00,1,0,,488,Longchamps,placard millenium 26,dormitorio,,Nuevo,green,melamina,mosconi,,,409000.00,0.00,1,0,
producto,0.9289,1.0,1.0,1.0,1.0,0.1818,1.0,1.0,1.0,1.0,1.0,0.0,0.0,0.0,0.0,496,Longchamps,placard millenium 22,dormitorio,,Nuevo,blanco,melamina,mosconi,,,158000.00,0.00,1,0,,492,Longchamps,placard millenium 22,dormitorio,,Nuevo,tissa,melamina,mosconi,,,158000.00,0.00,1,0,
producto,0.9289,1.0,1.0,1.0,1.0,0.1818,1.0,1.0,1.0,1.0,1.0,0.0,0.0,0.0,0.0,482,Longchamps,placard darkar 6 puertas de abrir,dormitorio,,Nuevo,wengue,melamina,mosconi,,,409000.00,0.00,1,0,,484,Longchamps,placard darkar 6 puertas de abrir,dormitorio,,Nuevo,bambu,melamina,mosconi,,,409000.00,0.00,1,0,
producto,0.9289,1.0,1.0,1.0,1.0,0.1818,1.0,1.0,1.0,1.0,1.0,10000.0,0.0413,0.0,0.0,343,Vidriera,secarropa,electrodomesticos,,Nuevo,blanco,,caddi,,,232000.00,0.00,1,0,,344,Vidriera,secarropa,electrodomesticos,,Nuevo,acero inoxidable,,caddi,,,242000.00,0.00,1,0,
producto,0.9283,0.9474,1.0,1.0,1.0,0.3333,1.0,1.0,1.0,1.0,1.0,14000.0,0.0579,0.0,0.0,197,Longchamps,tobogan 4 escalones,infantil,,Nuevo,rosa,plastico,,,,228000.00,0.00,1,0,,874,Longchamps,tobogan 5 escalones,infantil,,Nuevo,amarillo,plastico,,,,242000.00,0.00,4,0,
producto,0.9283,0.9474,1.0,1.0,1.0,0.3333,1.0,1.0,1.0,1.0,1.0,14000.0,0.0579,0.0,0.0,874,Longchamps,tobogan 5 escalones,infantil,,Nuevo,amarillo,plastico,,,,242000.00,0.00,4,0,,877,Longchamps,tobogan 4 escalones,infantil,,Nuevo,azul,plastico,,,,228000.00,0.00,1,0,
producto,0.9275,1.0,1.0,1.0,1.0,0.1667,1.0,1.0,1.0,1.0,1.0,0.0,0.0,0.0,0.0,873,Longchamps,tobogan 5 escalones,infantil,,Nuevo,naranja,plastico,,,,242000.00,0.00,2,0,,875,Longchamps,tobogan 5 escalones,infantil,,Nuevo,verde,plastico,,,,242000.00,0.00,1,0,
producto,0.9275,1.0,1.0,0.1667,1.0,1.0,1.0,1.0,1.0,1.0,1.0,17000.0,0.3178,0.0,0.0,306,Vidriera,mesa eco,comedor,70 x 70,Nuevo,,pino,ramon,,,36500.00,0.00,1,0,,308,Vidriera,mesa eco,comedor,"1,20m",Nuevo,,pino,ramon,,,53500.00,0.00,1,0,
producto,0.9275,1.0,1.0,0.1667,1.0,1.0,1.0,1.0,1.0,1.0,1.0,20000.0,0.354,0.0,0.0,306,Vidriera,mesa eco,comedor,70 x 70,Nuevo,,pino,ramon,,,36500.00,0.00,1,0,,309,Vidriera,mesa eco,comedor,"1,40m",Nuevo,,pino,ramon,,,56500.00,0.00,1,0,
producto,0.9275,1.0,1.0,1.0,1.0,0.1667,1.0,1.0,1.0,1.0,1.0,0.0,0.0,0.0,0.0,489,Longchamps,placard millenium 26,dormitorio,,Nuevo,blanco,melamina,mosconi,,,409000.00,0.00,1,0,,490,Longchamps,placard millenium 26,dormitorio,,Nuevo,wengue,melamina,mosconi,,,409000.00,0.00,1,0,
producto,0.9275,1.0,1.0,1.0,1.0,0.1667,1.0,1.0,1.0,1.0,1.0,0.0,0.0,0.0,0.0,469,Longchamps,placard darkar 12 puertas de abrir,dormitorio,,Nuevo,venezia,melamina,mosconi,,,656000.00,0.00,1,0,,468,Longchamps,placard darkar 12 puertas de abrir,dormitorio,,Nuevo,malta,melamina,mosconi,,,656000.00,0.00,1,0,
producto,0.9275,1.0,1.0,1.0,1.0,0.1667,1.0,1.0,1.0,1.0,1.0,0.0,0.0,0.0,0.0,443,Vidriera,placard dakar 3 puertas,dormitorio,85x181,Nuevo,bambu,melamina,mosconi,,,248000.00,0.00,1,0,,445,Vidriera,placard dakar 3 puertas,dormitorio,85x181,Nuevo,venezia,melamina,mosconi,,,248000.00,0.00,1,0,
producto,0.9275,1.0,1.0,0.1667,1.0,1.0,1.0,1.0,1.0,1.0,1.0,17000.0,0.2429,0.0,0.0,24,Estacion,cajonera asia,dormitorio,1m,Nuevo,,pino,ramon,,,70000.00,0.00,1,0,,140,Longchamps,cajonera asia,dormitorio,"0,90x0,80m",Nuevo,,pino,ramon,,,53000.00,0.00,3,0,
producto,0.9275,1.0,1.0,0.1667,1.0,1.0,1.0,1.0,1.0,1.0,1.0,17000.0,0.2429,0.0,0.0,372,Vidriera,cajonera asia,dormitorio,1m,Nuevo,,pino,ramon,,,70000.00,0.00,1,0,,140,Longchamps,cajonera asia,dormitorio,"0,90x0,80m",Nuevo,,pino,ramon,,,53000.00,0.00,3,0,
producto,0.9275,1.0,1.0,1.0,1.0,0.6667,0.5,1.0,1.0,1.0,1.0,58000.0,0.194,0.0,0.0,156,Estacion,bicicleta,deportes,"Rodado 16""",Nuevo,naranja,caño,futura,,,241000.00,0.00,1,0,,153,Estacion,bicicleta,deportes,"Rodado 16""",Nuevo,naranja y azul,aluminio,futura,,,299000.00,0.00,1,0,
producto,0.9275,1.0,1.0,1.0,1.0,1.0,1.0,0.1667,1.0,1.0,1.0,20000.0,0.5128,0.0,0.0,189,Longchamps,silla plegable,comedor,,Nuevo,,pino,ramon,,,19000.00,0.00,7,0,,5,Estacion,silla plegable,comedor,,Nuevo,,pino,pinitos,,,39000.00,0.00,0,0,
producto,0.9275,1.0,1.0,1.0,1.0,1.0,1.0,0.1667,1.0,1.0,1.0,20000.0,0.5128,0.0,0.0,324,Vidriera,silla plegable,comedor,,Nuevo,,pino,ramon,,,19000.00,0.00,2,0,,5,Estacion,silla plegable,comedor,,Nuevo,,pino,pinitos,,,39000.00,0.00,0,0,
producto,0.9275,1.0,1.0,1.0,1.0,1.0,1.0,0.1667,1.0,1.0,1.0,0.0,0.0,0.0,0.0,146,Longchamps,mesa de luz cajon y puerta,dormitorio,,Nuevo,,pino,pinitos,,,36000.00,0.00,2,0,,364,Vidriera,mesa de luz cajon y puerta,dormitorio,,Nuevo,,pino,ramon,,,36000.00,0.00,2,0,
producto,0.9275,1.0,1.0,1.0,1.0,1.0,1.0,0.1667,1.0,1.0,1.0,6000.0,0.0845,0.0,0.0,22,Estacion,cajonera 7 cajones,dormitorio,,Nuevo,,pino,ramon,,,65000.00,0.00,1,0,,21,Estacion,cajonera 7 cajones,dormitorio,,Nuevo,,pino,pinitos,,,71000.00,0.00,1,0,
producto,0.9275,1.0,1.0,1.0,1.0,1.0,1.0,0.1667,1.0,1.0,1.0,6000.0,0.0845,0.0,0.0,138,Longchamps,cajonera 7 cajones,dormitorio,,Nuevo,,pino,ramon,,,65000.00,0.00,3,0,,21,Estacion,cajonera 7 cajones,dormitorio,,Nuevo,,pino,pinitos,,,71000.00,0.00,1,0,
producto,0.9275,1.0,1.0,1.0,1.0,1.0,1.0,0.1667,1.0,1.0,1.0,6000.0,0.0845,0.0,0.0,375,Vidriera,cajonera 7 cajones,dormitorio,,Nuevo,,pino,ramon,,,65000.00,0.00,1,0,,21,Estacion,cajonera 7 cajones,dormitorio,,Nuevo,,pino,pinitos,,,71000.00,0.00,1,0,
producto,0.9268,0.95,1.0,1.0,1.0,0.3077,1.0,1.0,1.0,1.0,1.0,64100.0,0.2886,0.0,0.0,485,Longchamps,placard millenium 23,dormitorio,,Nuevo,green,melamina,mosconi,,,222100.00,0.00,3,0,,497,Longchamps,placard millenium 22,dormitorio,,Nuevo,avellana,melamina,mosconi,,,158000.00,0.00,1,0,
producto,0.9268,0.95,1.0,1.0,1.0,0.3077,1.0,1.0,1.0,1.0,1.0,251000.0,0.6137,0.0,0.0,488,Longchamps,placard millenium 26,dormitorio,,Nuevo,green,melamina,mosconi,,,409000.00,0.00,1,0,,497,Longchamps,placard millenium 22,dormitorio,,Nuevo,avellana,melamina,mosconi,,,158000.00,0.00,1,0,
producto,0.9264,1.0,1.0,1.0,1.0,0.1538,1.0,1.0,1.0,1.0,1.0,0.0,0.0,0.0,0.0,874,Longchamps,tobogan 5 escalones,infantil,,Nuevo,amarillo,plastico,,,,242000.00,0.00,4,0,,875,Longchamps,tobogan 5 escalones,infantil,,Nuevo,verde,plastico,,,,242000.00,0.00,1,0,
producto,0.9264,1.0,1.0,1.0,1.0,0.1538,1.0,1.0,1.0,1.0,1.0,0.0,0.0,0.0,0.0,876,Longchamps,tobogan 4 escalones,infantil,,Nuevo,amarillo,plastico,,,,228000.00,0.00,1,0,,878,Longchamps,tobogan 4 escalones,infantil,,Nuevo,verde,plastico,,,,228000.00,0.00,1,0,
producto,0.9264,1.0,1.0,1.0,1.0,0.1538,1.0,1.0,1.0,1.0,1.0,0.0,0.0,0.0,0.0,487,Longchamps,placard millenium 22,dormitorio,,Nuevo,bambu,melamina,mosconi,,,158000.00,0.00,1,0,,497,Longchamps,placard millenium 22,dormitorio,,Nuevo,avellana,melamina,mosconi,,,158000.00,0.00,1,0,
producto,0.9264,1.0,1.0,1.0,1.0,0.1538,1.0,1.0,1.0,1.0,1.0,0.0,0.0,0.0,0.0,492,Longchamps,placard millenium 22,dormitorio,,Nuevo,tissa,melamina,mosconi,,,158000.00,0.00,1,0,,497,Longchamps,placard millenium 22,dormitorio,,Nuevo,avellana,melamina,mosconi,,,158000.00,0.00,1,0,
producto,0.9262,0.9552,1.0,1.0,1.0,0.2857,1.0,1.0,1.0,1.0,1.0,247000.0,0.3765,0.0,0.0,467,Longchamps,placard darkar 12 puertas de abrir,dormitorio,,Nuevo,avellana,melamina,mosconi,,,656000.00,0.00,1,0,,482,Longchamps,placard darkar 6 puertas de abrir,dormitorio,,Nuevo,wengue,melamina,mosconi,,,409000.00,0.00,1,0,
producto,0.9262,0.9552,1.0,1.0,1.0,0.2857,1.0,1.0,1.0,1.0,1.0,160000.0,0.2812,0.0,0.0,478,Longchamps,placard darkar 10 puertas de abrir,dormitorio,,Nuevo,avellana,melamina,mosconi,,,569000.00,0.00,1,0,,482,Longchamps,placard darkar 6 puertas de abrir,dormitorio,,Nuevo,wengue,melamina,mosconi,,,409000.00,0.00,1,0,
producto,0.926,0.9286,1.0,1.0,1.0,0.3636,1.0,1.0,1.0,1.0,1.0,171900.0,0.28,0.0,0.0,666,Longchamps,sillon combo 8,living,,Nuevo,marron,chenille,,,,614000.00,0.00,1,0,,677,Longchamps,sillon combo 4,living,,Nuevo,bordo,chenille,,,,442100.00,0.00,1,0,
producto,0.926,0.9286,1.0,1.0,1.0,0.3636,1.0,1.0,1.0,1.0,1.0,43500.0,0.2266,0.0,0.0,531,Longchamps,escritorio 709,oficina,,Nuevo,bambu,melamina,mosconi,,,148500.00,0.00,1,0,,532,Longchamps,escritorio 720,oficina,,Nuevo,blanco,melamina,mosconi,,,192000.00,0.00,1,0,
producto,0.9248,0.95,1.0,1.0,1.0,0.2857,1.0,1.0,1.0,1.0,1.0,251000.0,0.6137,0.0,0.0,490,Longchamps,placard millenium 26,dormitorio,,Nuevo,wengue,melamina,mosconi,,,409000.00,0.00,1,0,,497,Longchamps,placard millenium 22,dormitorio,,Nuevo,avellana,melamina,mosconi,,,158000.00,0.00,1,0,
producto,0.9246,1.0,1.0,0.8,1.0,0.3333,1.0,1.0,1.0,1.0,1.0,21500.0,0.1498,0.0,0.0,505,Longchamps,alacena,cocina,"1,40m",Nuevo,blanco y venezia,melamina,mosconi,,,143500.00,0.00,1,0,,519,Vidriera,alacena,cocina,"1,20m",Nuevo,avellana,melamina,mosconi,,,122000.00,0.00,1,0,
producto,0.9239,1.0,1.0,1.0,1.0,0.125,1.0,1.0,1.0,1.0,1.0,0.0,0.0,0.0,0.0,851,Longchamps,mesa fija,comedor,,Nuevo,origonoco,melamina,la alborada,,,280000.00,0.00,1,0,,852,Longchamps,mesa fija,comedor,,Nuevo,venezia,melamina,la alborada,,,280000.00,0.00,1,0,
producto,0.9236,0.9851,1.0,1.0,1.0,0.1667,1.0,1.0,1.0,1.0,1.0,0.0,0.0,0.0,0.0,479,Longchamps,placard darkar 10 puertas de abrir,dormitorio,,Nuevo,malta,melamina,mosconi,,,569000.00,0.00,1,0,,477,Longchamps,placard dakar 10 puertas de abrir,dormitorio,,Nuevo,venezia,melamina,mosconi,,,569000.00,0.00,2,0,
producto,0.9233,1.0,1.0,1.0,1.0,0.1176,1.0,1.0,1.0,1.0,1.0,0.0,0.0,0.0,0.0,695,Longchamps,respaldo,dormitorio,2 1/2 plazas,Nuevo,gris oscuro,rustic,,,,80000.00,0.00,1,0,,694,Longchamps,respaldo,dormitorio,2 1/2 plazas,Nuevo,piedra,rustic,,,,80000.00,0.00,2,0,
producto,0.9225,0.9697,1.0,1.0,1.0,0.2,1.0,1.0,1.0,1.0,1.0,69000.0,0.1444,0.0,0.0,480,Longchamps,placard darkar 8 puertas de abrir,dormitorio,,Nuevo,malta,melamina,mosconi,,,478000.00,0.00,2,0,,484,Longchamps,placard darkar 6 puertas de abrir,dormitorio,,Nuevo,bambu,melamina,mosconi,,,409000.00,0.00,1,0,
producto,0.9225,0.9474,1.0,1.0,1.0,0.2667,1.0,1.0,1.0,1.0,1.0,14000.0,0.0579,0.0,0.0,873,Longchamps,tobogan 5 escalones,infantil,,Nuevo,naranja,plastico,,,,242000.00,0.00,2,0,,876,Longchamps,tobogan 4 escalones,infantil,,Nuevo,amarillo,plastico,,,,228000.00,0.00,1,0,
producto,0.9217,1.0,1.0,1.0,1.0,0.1,1.0,1.0,1.0,1.0,1.0,0.0,0.0,0.0,0.0,879,Longchamps,tobogan 2 escalones,infantil,,Nuevo,azul con naranja,plastico,,,,110000.00,0.00,2,0,,382,Vidriera,tobogan 2 escalones,infantil,,Nuevo,rosa,plastico,,,,110000.00,0.00,1,0,
producto,0.9211,0.9474,1.0,1.0,1.0,0.25,1.0,1.0,1.0,1.0,1.0,132000.0,0.5455,0.0,0.0,874,Longchamps,tobogan 5 escalones,infantil,,Nuevo,amarillo,plastico,,,,242000.00,0.00,4,0,,879,Longchamps,tobogan 2 escalones,infantil,,Nuevo,azul con naranja,plastico,,,,110000.00,0.00,2,0,
producto,0.9211,0.9474,1.0,1.0,1.0,0.25,1.0,1.0,1.0,1.0,1.0,118000.0,0.5175,0.0,0.0,876,Longchamps,tobogan 4 escalones,infantil,,Nuevo,amarillo,plastico,,,,228000.00,0.00,1,0,,879,Longchamps,tobogan 2 escalones,infantil,,Nuevo,azul con naranja,plastico,,,,110000.00,0.00,2,0,
producto,0.9211,0.9474,1.0,1.0,1.0,0.25,1.0,1.0,1.0,1.0,1.0,118000.0,0.5175,0.0,0.0,877,Longchamps,tobogan 4 escalones,infantil,,Nuevo,azul,plastico,,,,228000.00,0.00,1,0,,382,Vidriera,tobogan 2 escalones,infantil,,Nuevo,rosa,plastico,,,,110000.00,0.00,1,0,
producto,0.9203,1.0,1.0,0.75,1.0,1.0,1.0,0.3333,1.0,1.0,1.0,3000.0,0.0952,0.0,0.0,182,Longchamps,quesera,cocina,60cm,Nuevo,,pino,quesera,,,31500.00,0.00,5,0,,326,Vidriera,quesera,cocina,40cm,Nuevo,,pino,ramon,,,28500.00,0.00,1,0,
producto,0.9199,0.9706,1.0,1.0,1.0,0.1667,1.0,1.0,1.0,1.0,1.0,87000.0,0.1326,0.0,0.0,469,Longchamps,placard darkar 12 puertas de abrir,dormitorio,,Nuevo,venezia,melamina,mosconi,,,656000.00,0.00,1,0,,479,Longchamps,placard darkar 10 puertas de abrir,dormitorio,,Nuevo,malta,melamina,mosconi,,,569000.00,0.00,1,0,
producto,0.9193,0.95,1.0,1.0,1.0,0.2222,1.0,1.0,1.0,1.0,1.0,144000.0,0.4768,0.0,0.0,487,Longchamps,placard millenium 22,dormitorio,,Nuevo,bambu,melamina,mosconi,,,158000.00,0.00,1,0,,201,Longchamps,placard millenium 24,dormitorio,,Nuevo,tiza,melamina,mosconi,,,302000.00,0.00,1,0,
producto,0.9193,0.95,1.0,1.0,1.0,0.2222,1.0,1.0,1.0,1.0,1.0,79900.0,0.2646,0.0,0.0,486,Longchamps,placard millenium 23,dormitorio,,Nuevo,bambu,melamina,mosconi,,,222100.00,0.00,2,0,,201,Longchamps,placard millenium 24,dormitorio,,Nuevo,tiza,melamina,mosconi,,,302000.00,0.00,1,0,
producto,0.9193,0.95,1.0,1.0,1.0,0.2222,1.0,1.0,1.0,1.0,1.0,107000.0,0.2616,0.0,0.0,491,Longchamps,placard millenium 26,dormitorio,,Nuevo,bambu,melamina,mosconi,,,409000.00,0.00,1,0,,201,Longchamps,placard millenium 24,dormitorio,,Nuevo,tiza,melamina,mosconi,,,302000.00,0.00,1,0,
producto,0.9192,1.0,1.0,0.8889,1.0,0.1818,1.0,1.0,1.0,1.0,1.0,123000.0,0.5104,0.0,0.0,156,Estacion,bicicleta,deportes,"Rodado 16""",Nuevo,naranja,caño,futura,,,241000.00,0.00,1,0,,151,Estacion,bicicleta,deportes,"Rodado 12""",Nuevo,rosa,caño,futura,,,118000.00,0.00,1,0,
producto,0.9188,0.9552,1.0,1.0,1.0,0.2,1.0,1.0,1.0,1.0,1.0,247000.0,0.3765,0.0,0.0,468,Longchamps,placard darkar 12 puertas de abrir,dormitorio,,Nuevo,malta,melamina,mosconi,,,656000.00,0.00,1,0,,484,Longchamps,placard darkar 6 puertas de abrir,dormitorio,,Nuevo,bambu,melamina,mosconi,,,409000.00,0.00,1,0,
producto,0.9188,0.9552,1.0,1.0,1.0,0.2,1.0,1.0,1.0,1.0,1.0,160000.0,0.2812,0.0,0.0,479,Longchamps,placard darkar 10 puertas de abrir,dormitorio,,Nuevo,malta,melamina,mosconi,,,569000.00,0.00,1,0,,484,Longchamps,placard darkar 6 puertas de abrir,dormitorio,,Nuevo,bambu,melamina,mosconi,,,409000.00,0.00,1,0,
producto,0.9186,0.9474,1.0,1.0,1.0,0.2222,1.0,1.0,1.0,1.0,1.0,14000.0,0.0579,0.0,0.0,197,Longchamps,tobogan 4 escalones,infantil,,Nuevo,rosa,plastico,,,,228000.00,0.00,1,0,,875,Longchamps,tobogan 5 escalones,infantil,,Nuevo,verde,plastico,,,,242000.00,0.00,1,0,
producto,0.9186,0.9474,1.0,1.0,1.0,0.2222,1.0,1.0,1.0,1.0,1.0,132000.0,0.5455,0.0,0.0,875,Longchamps,tobogan 5 escalones,infantil,,Nuevo,verde,plastico,,,,242000.00,0.00,1,0,,382,Vidriera,tobogan 2 escalones,infantil,,Nuevo,rosa,plastico,,,,110000.00,0.00,1,0,
producto,0.9186,0.9474,1.0,1.0,1.0,0.2222,1.0,1.0,1.0,1.0,1.0,118000.0,0.5175,0.0,0.0,878,Longchamps,tobogan 4 escalones,infantil,,Nuevo,verde,plastico,,,,228000.00,0.00,1,0,,382,Vidriera,tobogan 2 escalones,infantil,,Nuevo,rosa,plastico,,,,110000.00,0.00,1,0,
producto,0.9185,0.9697,1.0,1.0,1.0,0.1538,1.0,1.0,1.0,1.0,1.0,69000.0,0.1444,0.0,0.0,481,Longchamps,placard darkar 8 puertas de abrir,dormitorio,,Nuevo,avellana,melamina,mosconi,,,478000.00,0.00,1,0,,484,Longchamps,placard darkar 6 puertas de abrir,dormitorio,,Nuevo,bambu,melamina,mosconi,,,409000.00,0.00,1,0,
producto,0.9174,0.95,1.0,1.0,1.0,0.2,1.0,1.0,1.0,1.0,1.0,144000.0,0.4768,0.0,0.0,202,Longchamps,placard millenium 24,dormitorio,,Nuevo,bambu,melamina,mosconi,,,302000.00,0.00,1,0,,492,Longchamps,placard millenium 22,dormitorio,,Nuevo,tissa,melamina,mosconi,,,158000.00,0.00,1,0,
producto,0.9174,0.95,1.0,1.0,1.0,0.2,1.0,1.0,1.0,1.0,1.0,64100.0,0.2886,0.0,0.0,486,Longchamps,placard millenium 23,dormitorio,,Nuevo,bambu,melamina,mosconi,,,222100.00,0.00,2,0,,492,Longchamps,placard millenium 22,dormitorio,,Nuevo,tissa,melamina,mosconi,,,158000.00,0.00,1,0,
producto,0.9174,0.95,1.0,1.0,1.0,0.2,1.0,1.0,1.0,1.0,1.0,251000.0,0.6137,0.0,0.0,491,Longchamps,placard millenium 26,dormitorio,,Nuevo,bambu,melamina,mosconi,,,409000.00,0.00,1,0,,492,Longchamps,placard millenium 22,dormitorio,,Nuevo,tissa,melamina,mosconi,,,158000.00,0.00,1,0,
producto,0.9174,0.95,1.0,1.0,1.0,0.2,1.0,1.0,1.0,1.0,1.0,107000.0,0.2616,0.0,0.0,489,Longchamps,placard millenium 26,dormitorio,,Nuevo,blanco,melamina,mosconi,,,409000.00,0.00,1,0,,201,Longchamps,placard millenium 24,dormitorio,,Nuevo,tiza,melamina,mosconi,,,302000.00,0.00,1,0,
producto,0.9174,0.95,1.0,1.0,1.0,0.2,1.0,1.0,1.0,1.0,1.0,144000.0,0.4768,0.0,0.0,496,Longchamps,placard millenium 22,dormitorio,,Nuevo,blanco,melamina,mosconi,,,158000.00,0.00,1,0,,201,Longchamps,placard millenium 24,dormitorio,,Nuevo,tiza,melamina,mosconi,,,302000.00,0.00,1,0,
producto,0.9167,0.9474,1.0,1.0,1.0,0.2,1.0,1.0,1.0,1.0,1.0,118000.0,0.5175,0.0,0.0,197,Longchamps,tobogan 4 escalones,infantil,,Nuevo,rosa,plastico,,,,228000.00,0.00,1,0,,879,Longchamps,tobogan 2 escalones,infantil,,Nuevo,azul con naranja,plastico,,,,110000.00,0.00,2,0,
producto,0.9161,1.0,1.0,0.8,1.0,1.0,0.2353,1.0,1.0,1.0,1.0,5000.0,0.0407,0.0,0.0,63,Estacion,mesada,cocina,"1,20m",Nuevo,negro,granitex,,,,123000.00,0.00,1,0,,521,Vidriera,mesada,cocina,120cm,Nuevo,negro,marmolada,,,,118000.00,0.00,1,0,
producto,0.9161,1.0,1.0,0.8,1.0,1.0,0.2353,1.0,1.0,1.0,1.0,5000.0,0.0407,0.0,0.0,431,Longchamps,mesada,cocina,"1,20m",Nuevo,negro,granitex,,,,123000.00,0.00,5,0,,521,Vidriera,mesada,cocina,120cm,Nuevo,negro,marmolada,,,,118000.00,0.00,1,0,
producto,0.9159,0.9552,1.0,1.0,1.0,0.1667,1.0,1.0,1.0,1.0,1.0,178000.0,0.2713,0.0,0.0,469,Longchamps,placard darkar 12 puertas de abrir,dormitorio,,Nuevo,venezia,melamina,mosconi,,,656000.00,0.00,1,0,,480,Longchamps,placard darkar 8 puertas de abrir,dormitorio,,Nuevo,malta,melamina,mosconi,,,478000.00,0.00,2,0,
producto,0.9159,0.9552,1.0,1.0,1.0,0.1667,1.0,1.0,1.0,1.0,1.0,247000.0,0.3765,0.0,0.0,469,Longchamps,placard darkar 12 puertas de abrir,dormitorio,,Nuevo,venezia,melamina,mosconi,,,656000.00,0.00,1,0,,483,Longchamps,placard darkar 6 puertas de abrir,dormitorio,,Nuevo,malta,melamina,mosconi,,,409000.00,0.00,1,0,
producto,0.9159,0.9552,1.0,1.0,1.0,0.1667,1.0,1.0,1.0,1.0,1.0,247000.0,0.3765,0.0,0.0,469,Longchamps,placard darkar 12 puertas de abrir,dormitorio,,Nuevo,venezia,melamina,mosconi,,,656000.00,0.00,1,0,,484,Longchamps,placard darkar 6 puertas de abrir,dormitorio,,Nuevo,bambu,melamina,mosconi,,,409000.00,0.00,1,0,
producto,0.9159,0.9552,1.0,1.0,1.0,0.1667,1.0,1.0,1.0,1.0,1.0,87000.0,0.1326,0.0,0.0,468,Longchamps,placard darkar 12 puertas de abrir,dormitorio,,Nuevo,malta,melamina,mosconi,,,656000.00,0.00,1,0,,477,Longchamps,placard dakar 10 puertas de abrir,dormitorio,,Nuevo,venezia,melamina,mosconi,,,569000.00,0.00,2,0,
producto,0.9158,0.95,1.0,1.0,1.0,0.1818,1.0,1.0,1.0,1.0,1.0,251000.0,0.6137,0.0,0.0,487,Longchamps,placard millenium 22,dormitorio,,Nuevo,bambu,melamina,mosconi,,,158000.00,0.00,1,0,,490,Longchamps,placard millenium 26,dormitorio,,Nuevo,wengue,melamina,mosconi,,,409000.00,0.00,1,0,
producto,0.9158,0.95,1.0,1.0,1.0,0.1818,1.0,1.0,1.0,1.0,1.0,107000.0,0.2616,0.0,0.0,202,Longchamps,placard millenium 24,dormitorio,,Nuevo,bambu,melamina,mosconi,,,302000.00,0.00,1,0,,490,Longchamps,placard millenium 26,dormitorio,,Nuevo,wengue,melamina,mosconi,,,409000.00,0.00,1,0,
producto,0.9158,0.95,1.0,1.0,1.0,0.1818,1.0,1.0,1.0,1.0,1.0,186900.0,0.457,0.0,0.0,486,Longchamps,placard millenium 23,dormitorio,,Nuevo,bambu,melamina,mosconi,,,222100.00,0.00,2,0,,490,Longchamps,placard millenium 26,dormitorio,,Nuevo,wengue,melamina,mosconi,,,409000.00,0.00,1,0,
producto,0.9158,0.95,1.0,1.0,1.0,0.1818,1.0,1.0,1.0,1.0,1.0,79900.0,0.2646,0.0,0.0,203,Longchamps,placard millenium 24,dormitorio,,Nuevo,blanco,melamina,mosconi,,,302000.00,0.00,1,0,,485,Longchamps,placard millenium 23,dormitorio,,Nuevo,green,melamina,mosconi,,,222100.00,0.00,3,0,
producto,0.9158,0.95,1.0,1.0,1.0,0.1818,1.0,1.0,1.0,1.0,1.0,107000.0,0.2616,0.0,0.0,203,Longchamps,placard millenium 24,dormitorio,,Nuevo,blanco,melamina,mosconi,,,302000.00,0.00,1,0,,488,Longchamps,placard millenium 26,dormitorio,,Nuevo,green,melamina,mosconi,,,409000.00,0.00,1,0,
producto,0.9158,0.95,1.0,1.0,1.0,0.1818,1.0,1.0,1.0,1.0,1.0,144000.0,0.4768,0.0,0.0,203,Longchamps,placard millenium 24,dormitorio,,Nuevo,blanco,melamina,mosconi,,,302000.00,0.00,1,0,,492,Longchamps,placard millenium 22,dormitorio,,Nuevo,tissa,melamina,mosconi,,,158000.00,0.00,1,0,
producto,0.9158,0.95,1.0,1.0,1.0,0.1818,1.0,1.0,1.0,1.0,1.0,186900.0,0.457,0.0,0.0,489,Longchamps,placard millenium 26,dormitorio,,Nuevo,blanco,melamina,mosconi,,,409000.00,0.00,1,0,,485,Longchamps,placard millenium 23,dormitorio,,Nuevo,green,melamina,mosconi,,,222100.00,0.00,3,0,
producto,0.9158,0.95,1.0,1.0,1.0,0.1818,1.0,1.0,1.0,1.0,1.0,251000.0,0.6137,0.0,0.0,489,Longchamps,placard millenium 26,dormitorio,,Nuevo,blanco,melamina,mosconi,,,409000.00,0.00,1,0,,492,Longchamps,placard millenium 22,dormitorio,,Nuevo,tissa,melamina,mosconi,,,158000.00,0.00,1,0,
producto,0.9158,0.95,1.0,1.0,1.0,0.1818,1.0,1.0,1.0,1.0,1.0,64100.0,0.2886,0.0,0.0,485,Longchamps,placard millenium 23,dormitorio,,Nuevo,green,melamina,mosconi,,,222100.00,0.00,3,0,,496,Longchamps,placard millenium 22,dormitorio,,Nuevo,blanco,melamina,mosconi,,,158000.00,0.00,1,0,
producto,0.9158,0.95,1.0,1.0,1.0,0.1818,1.0,1.0,1.0,1.0,1.0,251000.0,0.6137,0.0,0.0,496,Longchamps,placard millenium 22,dormitorio,,Nuevo,blanco,melamina,mosconi,,,158000.00,0.00,1,0,,488,Longchamps,placard millenium 26,dormitorio,,Nuevo,green,melamina,mosconi,,,409000.00,0.00,1,0,
producto,0.9156,0.9655,1.0,1.0,1.0,0.1333,1.0,1.0,1.0,1.0,1.0,390000.0,0.4699,0.0,0.0,674,Longchamps,sillon combo 6,living,,Nuevo,gris oscuro,rustic,,,,830000.00,0.00,1,0,,675,Longchamps,sillon combo 68,living,,Nuevo,azul,rustic,,,,440000.00,0.00,1,0,
producto,0.9155,1.0,1.0,0.6,1.0,0.4286,1.0,1.0,1.0,1.0,1.0,37000.0,0.1737,0.0,0.0,510,Longchamps,bajo mesada,cocina,"1,40m",Nuevo,blanco,melamina,mosconi,,,213000.00,0.00,1,0,,518,Vidriera,bajo mesada,cocina,120cm,Nuevo,avellana,melamina,mosconi,,,176000.00,0.00,1,0,
producto,0.9151,0.9474,1.0,1.0,1.0,0.1818,1.0,1.0,1.0,1.0,1.0,14000.0,0.0579,0.0,0.0,873,Longchamps,tobogan 5 escalones,infantil,,Nuevo,naranja,plastico,,,,242000.00,0.00,2,0,,877,Longchamps,tobogan 4 escalones,infantil,,Nuevo,azul,plastico,,,,228000.00,0.00,1,0,
producto,0.9151,0.9474,1.0,1.0,1.0,0.1818,1.0,1.0,1.0,1.0,1.0,132000.0,0.5455,0.0,0.0,873,Longchamps,tobogan 5 escalones,infantil,,Nuevo,naranja,plastico,,,,242000.00,0.00,2,0,,382,Vidriera,tobogan 2 escalones,infantil,,Nuevo,rosa,plastico,,,,110000.00,0.00,1,0,
producto,0.915,0.9333,1.0,1.0,1.0,0.2222,1.0,1.0,1.0,1.0,1.0,50000.0,0.1205,0.0,0.0,672,Longchamps,sillon combo 13,living,,Nuevo,rojo,rustic,,,,415000.00,0.00,1,0,,676,Longchamps,sillon combo 19,living,,Nuevo,arena,rustic,,,,365000.00,0.00,1,0,
producto,0.9147,0.9552,1.0,1.0,1.0,0.1538,1.0,1.0,1.0,1.0,1.0,247000.0,0.3765,0.0,0.0,467,Longchamps,placard darkar 12 puertas de abrir,dormitorio,,Nuevo,avellana,melamina,mosconi,,,656000.00,0.00,1,0,,484,Longchamps,placard darkar 6 puertas de abrir,dormitorio,,Nuevo,bambu,melamina,mosconi,,,409000.00,0.00,1,0,
producto,0.9147,0.9552,1.0,1.0,1.0,0.1538,1.0,1.0,1.0,1.0,1.0,160000.0,0.2812,0.0,0.0,478,Longchamps,placard darkar 10 puertas de abrir,dormitorio,,Nuevo,avellana,melamina,mosconi,,,569000.00,0.00,1,0,,484,Longchamps,placard darkar 6 puertas de abrir,dormitorio,,Nuevo,bambu,melamina,mosconi,,,409000.00,0.00,1,0,
producto,0.9145,0.95,1.0,1.0,1.0,0.1667,1.0,1.0,1.0,1.0,1.0,107000.0,0.2616,0.0,0.0,203,Longchamps,placard millenium 24,dormitorio,,Nuevo,blanco,melamina,mosconi,,,302000.00,0.00,1,0,,490,Longchamps,placard millenium 26,dormitorio,,Nuevo,wengue,melamina,mosconi,,,409000.00,0.00,1,0,
producto,0.9145,0.95,1.0,1.0,1.0,0.1667,1.0,1.0,1.0,1.0,1.0,251000.0,0.6137,0.0,0.0,496,Longchamps,placard millenium 22,dormitorio,,Nuevo,blanco,melamina,mosconi,,,158000.00,0.00,1,0,,490,Longchamps,placard millenium 26,dormitorio,,Nuevo,wengue,melamina,mosconi,,,409000.00,0.00,1,0,
producto,0.9145,0.95,1.0,1.0,1.0,0.1667,1.0,1.0,1.0,1.0,1.0,144000.0,0.4768,0.0,0.0,201,Longchamps,placard millenium 24,dormitorio,,Nuevo,tiza,melamina,mosconi,,,302000.00,0.00,1,0,,497,Longchamps,placard millenium 22,dormitorio,,Nuevo,avellana,melamina,mosconi,,,158000.00,0.00,1,0,
producto,0.9138,0.9474,1.0,1.0,1.0,0.1667,1.0,1.0,1.0,1.0,1.0,14000.0,0.0579,0.0,0.0,87,Estacion,tobogan 5 escalones,infantil,,Nuevo,amarillo,,,,,242000.00,0.00,1,0,,86,Estacion,tobogan 4 escalones,infantil,,Nuevo,rosa,,,,,228000.00,0.00,1,0,
producto,0.9138,0.9474,1.0,1.0,1.0,0.1667,1.0,1.0,1.0,1.0,1.0,14000.0,0.0579,0.0,0.0,873,Longchamps,tobogan 5 escalones,infantil,,Nuevo,naranja,plastico,,,,242000.00,0.00,2,0,,878,Longchamps,tobogan 4 escalones,infantil,,Nuevo,verde,plastico,,,,228000.00,0.00,1,0,
producto,0.9138,0.9474,1.0,1.0,1.0,0.1667,1.0,1.0,1.0,1.0,1.0,132000.0,0.5455,0.0,0.0,874,Longchamps,tobogan 5 escalones,infantil,,Nuevo,amarillo,plastico,,,,242000.00,0.00,4,0,,382,Vidriera,tobogan 2 escalones,infantil,,Nuevo,rosa,plastico,,,,110000.00,0.00,1,0,
producto,0.9138,0.9474,1.0,1.0,1.0,0.1667,1.0,1.0,1.0,1.0,1.0,118000.0,0.5175,0.0,0.0,876,Longchamps,tobogan 4 escalones,infantil,,Nuevo,amarillo,plastico,,,,228000.00,0.00,1,0,,382,Vidriera,tobogan 2 escalones,infantil,,Nuevo,rosa,plastico,,,,110000.00,0.00,1,0,
producto,0.9138,0.9474,1.0,1.0,1.0,1.0,1.0,0.1667,1.0,1.0,1.0,0.0,0.0,0.0,0.0,9,Estacion,mesa de luz vintaje,dormitorio,,Nuevo,,pino,ramon,,,30000.00,0.00,2,0,,147,Longchamps,mesa de luz vintage,dormitorio,,Nuevo,,pino,pinitos,,,30000.00,0.00,8,0,
producto,0.9138,0.9474,1.0,1.0,1.0,1.0,1.0,0.1667,1.0,1.0,1.0,0.0,0.0,0.0,0.0,363,Vidriera,mesa de luz vintaje,dormitorio,,Nuevo,,pino,ramon,,,30000.00,0.00,4,0,,147,Longchamps,mesa de luz vintage,dormitorio,,Nuevo,,pino,pinitos,,,30000.00,0.00,8,0,
producto,0.9134,0.95,1.0,1.0,1.0,0.1538,1.0,1.0,1.0,1.0,1.0,144000.0,0.4768,0.0,0.0,202,Longchamps,placard millenium 24,dormitorio,,Nuevo,bambu,melamina,mosconi,,,302000.00,0.00,1,0,,497,Longchamps,placard millenium 22,dormitorio,,Nuevo,avellana,melamina,mosconi,,,158000.00,0.00,1,0,
producto,0.9134,0.95,1.0,1.0,1.0,0.1538,1.0,1.0,1.0,1.0,1.0,64100.0,0.2886,0.0,0.0,486,Longchamps,placard millenium 23,dormitorio,,Nuevo,bambu,melamina,mosconi,,,222100.00,0.00,2,0,,497,Longchamps,placard millenium 22,dormitorio,,Nuevo,avellana,melamina,mosconi,,,158000.00,0.00,1,0,
producto,0.9134,0.95,1.0,1.0,1.0,0.1538,1.0,1.0,1.0,1.0,1.0,251000.0,0.6137,0.0,0.0,491,Longchamps,placard millenium 26,dormitorio,,Nuevo,bambu,melamina,mosconi,,,409000.00,0.00,1,0,,497,Longchamps,placard millenium 22,dormitorio,,Nuevo,avellana,melamina,mosconi,,,158000.00,0.00,1,0,
producto,0.913,1.0,1.0,0.0,1.0,1.0,1.0,1.0,1.0,1.0,1.0,3000.0,0.0882,0.0,0.0,45,Estacion,banco plegable,comedor,2m,Nuevo,,pino,ramon,,,34000.00,0.00,2,0,,313,Vidriera,banco plegable,comedor,"1,50",Nuevo,,pino,ramon,,,31000.00,0.00,2,0,
producto,0.913,1.0,1.0,0.0,1.0,1.0,1.0,1.0,1.0,1.0,1.0,3000.0,0.0882,0.0,0.0,124,Longchamps,banco plegable,comedor,2m,Nuevo,,pino,ramon,,,34000.00,0.00,7,0,,313,Vidriera,banco plegable,comedor,"1,50",Nuevo,,pino,ramon,,,31000.00,0.00,2,0,
producto,0.913,1.0,1.0,0.0,1.0,1.0,1.0,1.0,1.0,1.0,1.0,3000.0,0.0882,0.0,0.0,314,Vidriera,banco plegable,comedor,2m,Nuevo,,pino,ramon,,,34000.00,0.00,3,0,,313,Vidriera,banco plegable,comedor,"1,50",Nuevo,,pino,ramon,,,31000.00,0.00,2,0,
producto,0.913,1.0,1.0,1.0,1.0,1.0,1.0,1.0,0.0,1.0,1.0,0.0,0.0,0.0,0.0,53,Estacion,"ventilador turbo 20""",electrodomesticos,,Nuevo,,paleta plastica,star track,STTG31-20,,39000.00,0.00,1,0,,200,Longchamps,"ventilador turbo 20""",electrodomesticos,,Nuevo,,paleta plastica,star track,,,39000.00,0.00,1,0,
producto,0.913,1.0,1.0,1.0,1.0,1.0,1.0,0.0,1.0,1.0,1.0,0.0,0.0,0.0,0.0,297,Vidriera,silla ella,comedor,,Nuevo,,caño,maña,,,67000.00,0.00,6,0,,645,Longchamps,silla ella,comedor,,Nuevo,.,caño,.,,,67000.00,0.00,12,0,
producto,0.913,1.0,1.0,1.0,1.0,1.0,1.0,0.0,1.0,1.0,1.0,0.0,0.0,0.0,0.0,287,Vidriera,silla 2000,comedor,,Nuevo,,caño,lucy,,,84500.00,0.00,6,0,,644,Longchamps,silla 2000,comedor,,Nuevo,.,caño,mania,,,84500.00,0.00,6,0,
producto,0.913,1.0,1.0,1.0,1.0,1.0,1.0,0.0,1.0,1.0,1.0,0.0,0.0,0.0,0.0,105,Longchamps,colchon eco 17alto,dormitorio,1 1/2 plaza,Nuevo,,espuma,taurus,,,86000.00,0.00,1,0,,230,Vidriera,colchon eco 17alto,dormitorio,1 1/2 plaza,Nuevo,,espuma,,,,86000.00,0.00,1,0,
producto,0.913,1.0,1.0,1.0,1.0,1.0,1.0,0.0,1.0,1.0,1.0,0.0,0.0,0.0,0.0,230,Vidriera,colchon eco 17alto,dormitorio,1 1/2 plaza,Nuevo,,espuma,,,,86000.00,0.00,1,0,,219,Vidriera,colchon eco 17alto,dormitorio,1 1/2 plaza,Nuevo,,espuma,taurus,,,86000.00,0.00,2,0,
producto,0.913,1.0,1.0,1.0,1.0,1.0,0.0,1.0,1.0,1.0,1.0,0.0,0.0,0.0,0.0,87,Estacion,tobogan 5 escalones,infantil,,Nuevo,amarillo,,,,,242000.00,0.00,1,0,,874,Longchamps,tobogan 5 escalones,infantil,,Nuevo,amarillo,plastico,,,,242000.00,0.00,4,0,
producto,0.913,1.0,1.0,1.0,1.0,1.0,0.0,1.0,1.0,1.0,1.0,0.0,0.0,0.0,0.0,86,Estacion,tobogan 4 escalones,infantil,,Nuevo,rosa,,,,,228000.00,0.00,1,0,,197,Longchamps,tobogan 4 escalones,infantil,,Nuevo,rosa,plastico,,,,228000.00,0.00,1,0,
producto,0.913,1.0,1.0,1.0,1.0,0.0,1.0,1.0,1.0,1.0,1.0,0.0,0.0,0.0,0.0,877,Longchamps,tobogan 4 escalones,infantil,,Nuevo,azul,plastico,,,,228000.00,0.00,1,0,,878,Longchamps,tobogan 4 escalones,infantil,,Nuevo,verde,plastico,,,,228000.00,0.00,1,0,
producto,0.913,1.0,1.0,0.0,1.0,1.0,1.0,1.0,1.0,1.0,1.0,0.0,0.0,0.0,0.0,20,Estacion,porta micro bajo,cocina,60cm,Nuevo,,pino,pinitos,,,85500.00,0.00,1,0,,164,Longchamps,porta micro bajo,cocina,,Nuevo,,pino,pinitos,,,85500.00,0.00,2,0,
producto,0.913,1.0,1.0,1.0,1.0,1.0,1.0,1.0,0.0,1.0,1.0,0.0,0.0,0.0,0.0,414,Vidriera,planchita botanicals,cuidado personal,,Nuevo,,,remington,,,109000.00,0.00,1,0,,439,Estacion,planchita botanicals,cuidado personal,,Nuevo,,,remington,S32A,,109000.00,0.00,1,0,
producto,0.913,1.0,1.0,0.0,1.0,1.0,1.0,1.0,1.0,1.0,1.0,7000.0,0.1014,0.0,0.0,46,Estacion,mesa plegable,comedor,2m,Nuevo,,pino,ramon,,,69000.00,0.00,1,0,,311,Vidriera,mesa plegable,comedor,"1,50",Nuevo,,pino,ramon,,,62000.00,0.00,1,0,
producto,0.913,1.0,1.0,0.0,1.0,1.0,1.0,1.0,1.0,1.0,1.0,7000.0,0.1014,0.0,0.0,121,Longchamps,mesa plegable,comedor,2m,Nuevo,,pino,ramon,,,69000.00,0.00,6,0,,311,Vidriera,mesa plegable,comedor,"1,50",Nuevo,,pino,ramon,,,62000.00,0.00,1,0,
producto,0.913,1.0,1.0,0.0,1.0,1.0,1.0,1.0,1.0,1.0,1.0,7000.0,0.1014,0.0,0.0,312,Vidriera,mesa plegable,comedor,2m,Nuevo,,pino,ramon,,,69000.00,0.00,1,0,,311,Vidriera,mesa plegable,comedor,"1,50",Nuevo,,pino,ramon,,,62000.00,0.00,1,0,
producto,0.913,1.0,1.0,0.0,1.0,1.0,1.0,1.0,1.0,1.0,1.0,14000.0,0.2772,0.0,0.0,305,Vidriera,mesa eco,comedor,1m,Nuevo,,pino,ramon,,,50500.00,0.00,1,0,,306,Vidriera,mesa eco,comedor,70 x 70,Nuevo,,pino,ramon,,,36500.00,0.00,1,0,
producto,0.913,1.0,1.0,1.0,1.0,0.0,1.0,1.0,1.0,1.0,1.0,0.0,0.0,0.0,0.0,486,Longchamps,placard millenium 23,dormitorio,,Nuevo,bambu,melamina,mosconi,,,222100.00,0.00,2,0,,485,Longchamps,placard millenium 23,dormitorio,,Nuevo,green,melamina,mosconi,,,222100.00,0.00,3,0,
producto,0.913,1.0,1.0,1.0,1.0,0.0,1.0,1.0,1.0,1.0,1.0,0.0,0.0,0.0,0.0,491,Longchamps,placard millenium 26,dormitorio,,Nuevo,bambu,melamina,mosconi,,,409000.00,0.00,1,0,,488,Longchamps,placard millenium 26,dormitorio,,Nuevo,green,melamina,mosconi,,,409000.00,0.00,1,0,
producto,0.913,1.0,1.0,1.0,1.0,0.0,1.0,1.0,1.0,1.0,1.0,0.0,0.0,0.0,0.0,483,Longchamps,placard darkar 6 puertas de abrir,dormitorio,,Nuevo,malta,melamina,mosconi,,,409000.00,0.00,1,0,,482,Longchamps,placard darkar 6 puertas de abrir,dormitorio,,Nuevo,wengue,melamina,mosconi,,,409000.00,0.00,1,0,
producto,0.913,1.0,1.0,1.0,1.0,1.0,1.0,1.0,0.0,1.0,1.0,0.0,0.0,0.0,0.0,729,Estacion,taladro percutor,herramientas,,Nuevo,rojo,,omaha,tbat-20,,100000.00,0.00,1,0,,419,Vidriera,taladro percutor,herramientas,,Nuevo,rojo,,omaha,,,100000.00,0.00,1,0,
producto,0.913,1.0,1.0,1.0,1.0,1.0,1.0,1.0,0.0,1.0,1.0,0.0,0.0,0.0,0.0,721,Cane,auriculares,tecnologia,,Nuevo,negro,,soul,,,29000.00,0.00,1,0,,706,Estacion,auriculares,tecnologia,,Nuevo,negro,,soul,BT350,,29000.00,0.00,1,0,
producto,0.913,1.0,1.0,1.0,1.0,1.0,1.0,1.0,0.0,1.0,1.0,0.0,0.0,0.0,0.0,386,Vidriera,batidora manual vuelty,electrodomesticos,,Nuevo,negro,,liliana,,,65000.00,0.00,1,0,,542,Estacion,batidora manual vuelty,electrodomesticos,,Nuevo,negro,,liliana,AB101,,65000.00,0.00,1,0,
producto,0.913,1.0,1.0,1.0,1.0,1.0,1.0,1.0,0.0,1.0,1.0,0.0,0.0,0.0,0.0,421,Vidriera,bordeadora electrica,herramientas,,Nuevo,rojo,,omaha,,,85000.00,0.00,1,0,,731,Estacion,bordeadora electrica,herramientas,,Nuevo,rojo,,omaha,bme-550,,85000.00,0.00,2,0,
producto,0.913,1.0,1.0,1.0,1.0,0.0,1.0,1.0,1.0,1.0,1.0,0.0,0.0,0.0,0.0,696,Longchamps,respaldo,dormitorio,2 1/2 plazas,Nuevo,azul,pana,,,,80000.00,0.00,1,0,,697,Longchamps,respaldo,dormitorio,2 1/2 plazas,Nuevo,negro,pana,,,,80000.00,0.00,2,0,
producto,0.913,1.0,1.0,1.0,1.0,1.0,1.0,1.0,0.0,1.0,1.0,0.0,0.0,0.0,0.0,662,Vidriera,bolsa de herramienta,herramientas,,Nuevo,azul,,wadfow,,,60000.00,0.00,0,0,,730,Estacion,bolsa de herramienta,herramientas,,Nuevo,azul,,wadfow,28pcs/set,,60000.00,0.00,1,0,
producto,0.913,0.9444,1.0,1.0,1.0,1.0,1.0,0.1667,1.0,1.0,1.0,12000.0,0.169,0.0,0.0,56,Estacion,cajonera 6 cajones,dormitorio,,Nuevo,,pino,ramon,,,59000.00,0.00,1,0,,21,Estacion,cajonera 7 cajones,dormitorio,,Nuevo,,pino,pinitos,,,71000.00,0.00,1,0,
producto,0.913,0.9444,1.0,1.0,1.0,1.0,1.0,0.1667,1.0,1.0,1.0,12000.0,0.169,0.0,0.0,137,Longchamps,cajonera 6 cajones,dormitorio,,Nuevo,,pino,ramon,,,59000.00,0.00,5,0,,21,Estacion,cajonera 7 cajones,dormitorio,,Nuevo,,pino,pinitos,,,71000.00,0.00,1,0,
producto,0.913,0.9444,1.0,1.0,1.0,1.0,1.0,0.1667,1.0,1.0,1.0,19000.0,0.2676,0.0,0.0,136,Longchamps,cajonera 5 cajones,dormitorio,,Nuevo,,pino,ramon,,,52000.00,0.00,5,0,,21,Estacion,cajonera 7 cajones,dormitorio,,Nuevo,,pino,pinitos,,,71000.00,0.00,1,0,
producto,0.913,0.9444,1.0,1.0,1.0,1.0,1.0,0.1667,1.0,1.0,1.0,12000.0,0.169,0.0,0.0,374,Vidriera,cajonera 6 cajones,dormitorio,,Nuevo,,pino,ramon,,,59000.00,0.00,2,0,,21,Estacion,cajonera 7 cajones,dormitorio,,Nuevo,,pino,pinitos,,,71000.00,0.00,1,0,
producto,0.913,0.9444,1.0,1.0,1.0,1.0,1.0,0.1667,1.0,1.0,1.0,19000.0,0.2676,0.0,0.0,376,Vidriera,cajonera 5 cajones,dormitorio,,Nuevo,,pino,ramon,,,52000.00,0.00,1,0,,21,Estacion,cajonera 7 cajones,dormitorio,,Nuevo,,pino,pinitos,,,71000.00,0.00,1,0,
producto,0.9127,0.9474,1.0,1.0,1.0,0.1538,1.0,1.0,1.0,1.0,1.0,14000.0,0.0579,0.0,0.0,874,Longchamps,tobogan 5 escalones,infantil,,Nuevo,amarillo,plastico,,,,242000.00,0.00,4,0,,878,Longchamps,tobogan 4 escalones,infantil,,Nuevo,verde,plastico,,,,228000.00,0.00,1,0,
producto,0.9127,0.9474,1.0,1.0,1.0,0.1538,1.0,1.0,1.0,1.0,1.0,14000.0,0.0579,0.0,0.0,875,Longchamps,tobogan 5 escalones,infantil,,Nuevo,verde,plastico,,,,242000.00,0.00,1,0,,876,Longchamps,tobogan 4 escalones,infantil,,Nuevo,amarillo,plastico,,,,228000.00,0.00,1,0,
producto,0.9117,0.9394,1.0,1.0,1.0,0.1667,1.0,1.0,1.0,1.0,1.0,91000.0,0.1599,0.0,0.0,480,Longchamps,placard darkar 8 puertas de abrir,dormitorio,,Nuevo,malta,melamina,mosconi,,,478000.00,0.00,2,0,,477,Longchamps,placard dakar 10 puertas de abrir,dormitorio,,Nuevo,venezia,melamina,mosconi,,,569000.00,0.00,2,0,
producto,0.9117,0.9394,1.0,1.0,1.0,0.1667,1.0,1.0,1.0,1.0,1.0,160000.0,0.2812,0.0,0.0,477,Longchamps,placard dakar 10 puertas de abrir,dormitorio,,Nuevo,venezia,melamina,mosconi,,,569000.00,0.00,2,0,,483,Longchamps,placard darkar 6 puertas de abrir,dormitorio,,Nuevo,malta,melamina,mosconi,,,409000.00,0.00,1,0,
producto,0.9117,0.9394,1.0,1.0,1.0,0.1667,1.0,1.0,1.0,1.0,1.0,160000.0,0.2812,0.0,0.0,477,Longchamps,placard dakar 10 puertas de abrir,dormitorio,,Nuevo,venezia,melamina,mosconi,,,569000.00,0.00,2,0,,484,Longchamps,placard darkar 6 puertas de abrir,dormitorio,,Nuevo,bambu,melamina,mosconi,,,409000.00,0.00,1,0,
producto,0.9106,1.0,1.0,1.0,1.0,0.2222,1.0,1.0,0.75,1.0,1.0,36000.0,0.36,0.0,0.0,711,Estacion,secador de pelo,cuidado personal,,Nuevo,verde,,remington,D27A,,100000.00,0.00,2,0,,712,Estacion,secador de pelo,cuidado personal,,Nuevo,gris,,remington,D26A,,64000.00,0.00,1,0,
producto,0.9082,1.0,1.0,1.0,1.0,0.4444,1.0,1.0,0.5,1.0,1.0,36000.0,0.36,0.0,0.0,710,Estacion,secador de pelo,cuidado personal,,Nuevo,negro,,remington,D31A,,100000.00,0.00,2,0,,712,Estacion,secador de pelo,cuidado personal,,Nuevo,gris,,remington,D26A,,64000.00,0.00,1,0,
producto,0.9079,0.9804,1.0,1.0,1.0,1.0,1.0,0.0,1.0,1.0,1.0,15000.0,0.0455,0.0,0.0,643,Estacion,lavarropas semi automatico,electrodomesticos,,Nuevo,blanco,,,,,315000.00,0.00,1,0,,664,Vidriera,lavarropa semi automatico,electrodomesticos,,Nuevo,blanco,,dream,,,330000.00,0.00,2,0,
producto,0.9076,0.9474,1.0,1.0,1.0,0.0952,1.0,1.0,1.0,1.0,1.0,132000.0,0.5455,0.0,0.0,875,Longchamps,tobogan 5 escalones,infantil,,Nuevo,verde,plastico,,,,242000.00,0.00,1,0,,879,Longchamps,tobogan 2 escalones,infantil,,Nuevo,azul con naranja,plastico,,,,110000.00,0.00,2,0,
producto,0.9076,0.9474,1.0,1.0,1.0,0.0952,1.0,1.0,1.0,1.0,1.0,118000.0,0.5175,0.0,0.0,878,Longchamps,tobogan 4 escalones,infantil,,Nuevo,verde,plastico,,,,228000.00,0.00,1,0,,879,Longchamps,tobogan 2 escalones,infantil,,Nuevo,azul con naranja,plastico,,,,110000.00,0.00,2,0,
producto,0.9072,0.9778,1.0,1.0,1.0,0.0,1.0,1.0,1.0,1.0,1.0,36000.0,0.2647,0.0,0.0,418,Vidriera,combo taladro + moladora,herramientas,,Nuevo,amarillo,,konan,,,100000.00,0.00,1,0,,703,Longchamps,combo taladro+amoladora,herramientas,,Nuevo,-,,konan,,,136000.00,0.00,1,0,
producto,0.907,0.9767,1.0,1.0,1.0,1.0,0.0,1.0,1.0,1.0,1.0,0.0,0.0,0.0,0.0,316,Vidriera,reposeras 5 posiciones,jardin,,Nuevo,,caño,,,,42000.00,0.00,3,0,,33,Estacion,reposera 5 posiciones,jardin,,Nuevo,,,,,,42000.00,0.00,6,0,
producto,0.9064,1.0,1.0,0.0,1.0,1.0,1.0,0.9231,1.0,1.0,1.0,0.0,0.0,0.0,0.0,163,Longchamps,porta micro alto,cocina,,Nuevo,,pino,pinitos,,,98000.00,0.00,1,0,,380,Vidriera,porta micro alto,cocina,80cm,Nuevo,,pino,pinito,,,98000.00,0.00,1,0,
producto,0.9064,1.0,1.0,0.0,1.0,1.0,1.0,0.9231,1.0,1.0,1.0,0.0,0.0,0.0,0.0,164,Longchamps,porta micro bajo,cocina,,Nuevo,,pino,pinitos,,,85500.00,0.00,2,0,,379,Vidriera,porta micro bajo,cocina,80cm,Nuevo,,pino,pinito,,,85500.00,0.00,1,0,
producto,0.9051,0.9697,1.0,1.0,1.0,0.0,1.0,1.0,1.0,1.0,1.0,69000.0,0.1444,0.0,0.0,480,Longchamps,placard darkar 8 puertas de abrir,dormitorio,,Nuevo,malta,melamina,mosconi,,,478000.00,0.00,2,0,,482,Longchamps,placard darkar 6 puertas de abrir,dormitorio,,Nuevo,wengue,melamina,mosconi,,,409000.00,0.00,1,0,
producto,0.9051,0.9697,1.0,1.0,1.0,0.0,1.0,1.0,1.0,1.0,1.0,30900.0,0.1725,0.0,0.0,524,Longchamps,"escobero dos puertas 1,80 de alto",cocina,,Nuevo,,melamina,mosconi,,,179100.00,0.00,1,0,,533,Longchamps,"escobero dos puertas 1,50 de alto",cocina,,Nuevo,blanco,melamina,mosconi,,,148200.00,0.00,1,0,
producto,0.9048,1.0,1.0,0.5714,1.0,1.0,1.0,0.3333,1.0,1.0,1.0,3000.0,0.0741,0.0,0.0,180,Longchamps,quesera,cocina,"1,20m",Nuevo,,pino,quesera,,,40500.00,0.00,1,0,,327,Vidriera,quesera,cocina,1m,Nuevo,,pino,ramon,,,37500.00,0.00,0,0,
producto,0.9046,0.9677,1.0,1.0,1.0,1.0,1.0,0.0,1.0,1.0,1.0,0.0,0.0,0.0,0.0,125,Longchamps,silla hindu eco,comedor,,Nuevo,,pino,,,,16500.00,0.00,25,0,,291,Vidriera,sillas hindu eco,comedor,,Nuevo,,pino,pinitos,,,16500.00,0.00,1,0,
producto,0.9046,0.9677,1.0,1.0,1.0,1.0,1.0,0.0,1.0,1.0,1.0,0.0,0.0,0.0,0.0,647,Vidriera,silla hindu eco,comedor,,Nuevo,,pino,,,,16500.00,0.00,4,0,,291,Vidriera,sillas hindu eco,comedor,,Nuevo,,pino,pinitos,,,16500.00,0.00,1,0,
producto,0.9044,0.9333,1.0,0.5556,1.0,1.0,0.5455,1.0,1.0,1.0,1.0,445000.0,0.4734,0.0,0.0,590,Vidriera,sillon combo 61,living,"2,10x90cm",Nuevo,gris oscuro,tela pana,,,,495000.00,0.00,1,0,,587,Vidriera,sillon combo 17,living,"2,50x1,80",Nuevo,gris oscuro,tela chenille,,,,940000.00,0.00,1,0,
producto,0.9043,1.0,1.0,1.0,1.0,0.4,1.0,1.0,0.5,1.0,1.0,0.0,0.0,0.0,0.0,711,Estacion,secador de pelo,cuidado personal,,Nuevo,verde,,remington,D27A,,100000.00,0.00,2,0,,710,Estacion,secador de pelo,cuidado personal,,Nuevo,negro,,remington,D31A,,100000.00,0.00,2,0,
producto,0.9034,1.0,1.0,1.0,1.0,0.0,1.0,0.8889,1.0,1.0,1.0,0.0,0.0,0.0,0.0,304,Vidriera,silla kila,comedor,,Nuevo,,caño,maña,,,37000.00,0.00,6,0,,681,Longchamps,silla kila,comedor,,Nuevo,6 maiz y 6 rojas,caño,mania,,,37000.00,0.00,12,0,
producto,0.9031,1.0,1.0,0.6,1.0,0.2857,1.0,1.0,1.0,1.0,1.0,10000.0,0.1818,0.0,0.0,577,Vidriera,perchero,dormitorio,"1,50cm",Nuevo,negro,caño,,,,45000.00,0.00,2,0,,578,Vidriera,perchero,dormitorio,"1,65",Nuevo,"azul,gris",caño,,,,55000.00,0.00,2,0,
producto,0.9017,1.0,1.0,0.8696,1.0,1.0,0.0,1.0,1.0,1.0,1.0,45000.0,0.2473,0.0,0.0,77,Estacion,colchon extra,dormitorio,1 1/2 plaza,Nuevo,,espuma,taurus,,,137000.00,0.00,1,0,,81,Estacion,colchon extra,dormitorio,2 1/2 plazas,Nuevo,,,taurus,,,182000.00,0.00,1,0,
producto,0.9017,1.0,1.0,0.8696,1.0,1.0,0.0,1.0,1.0,1.0,1.0,45000.0,0.2473,0.0,0.0,221,Vidriera,colchon extra,dormitorio,1 1/2 plaza,Nuevo,,espuma,taurus,,,137000.00,0.00,1,0,,81,Estacion,colchon extra,dormitorio,2 1/2 plazas,Nuevo,,,taurus,,,182000.00,0.00,1,0,
producto,0.9017,1.0,1.0,0.8696,1.0,1.0,1.0,0.0,1.0,1.0,1.0,102000.0,0.272,0.0,0.0,235,Vidriera,colchon palace con pillow,dormitorio,2 1/2 plazas,Nuevo,,resorte,taurus,,,375000.00,0.00,2,0,,108,Longchamps,colchon palace con pillow,dormitorio,1 1/2 plaza,Nuevo,,resorte,,,,273000.00,0.00,1,0,
producto,0.9017,1.0,1.0,0.8696,1.0,1.0,0.0,1.0,1.0,1.0,1.0,90000.0,0.2278,0.0,0.0,159,Longchamps,colchon equis,dormitorio,2 1/2 plazas,Nuevo,,,taurus,,,395000.00,0.00,2,0,,227,Vidriera,colchon equis,dormitorio,1 1/2 plaza,Nuevo,,resorte,taurus,,,305000.00,0.00,1,0,
producto,0.9017,0.9565,1.0,0.8333,1.0,0.1667,1.0,1.0,1.0,1.0,1.0,69800.0,0.2815,0.0,0.0,442,Vidriera,placard dakar 2 puertas,dormitorio,57x181,Nuevo,bambu,melamina,mosconi,,,178200.00,0.00,1,0,,445,Vidriera,placard dakar 3 puertas,dormitorio,85x181,Nuevo,venezia,melamina,mosconi,,,248000.00,0.00,1,0,
producto,0.9014,0.9552,1.0,1.0,1.0,0.0,1.0,1.0,1.0,1.0,1.0,247000.0,0.3765,0.0,0.0,468,Longchamps,placard darkar 12 puertas de abrir,dormitorio,,Nuevo,malta,melamina,mosconi,,,656000.00,0.00,1,0,,482,Longchamps,placard darkar 6 puertas de abrir,dormitorio,,Nuevo,wengue,melamina,mosconi,,,409000.00,0.00,1,0,
producto,0.9014,0.9552,1.0,1.0,1.0,0.0,1.0,1.0,1.0,1.0,1.0,160000.0,0.2812,0.0,0.0,479,Longchamps,placard darkar 10 puertas de abrir,dormitorio,,Nuevo,malta,melamina,mosconi,,,569000.00,0.00,1,0,,482,Longchamps,placard darkar 6 puertas de abrir,dormitorio,,Nuevo,wengue,melamina,mosconi,,,409000.00,0.00,1,0,
producto,0.9,0.95,1.0,1.0,1.0,0.0,1.0,1.0,1.0,1.0,1.0,64100.0,0.2886,0.0,0.0,487,Longchamps,placard millenium 22,dormitorio,,Nuevo,bambu,melamina,mosconi,,,158000.00,0.00,1,0,,485,Longchamps,placard millenium 23,dormitorio,,Nuevo,green,melamina,mosconi,,,222100.00,0.00,3,0,
producto,0.9,0.95,1.0,1.0,1.0,0.0,1.0,1.0,1.0,1.0,1.0,251000.0,0.6137,0.0,0.0,487,Longchamps,placard millenium 22,dormitorio,,Nuevo,bambu,melamina,mosconi,,,158000.00,0.00,1,0,,488,Longchamps,placard millenium 26,dormitorio,,Nuevo,green,melamina,mosconi,,,409000.00,0.00,1,0,
producto,0.9,0.95,1.0,1.0,1.0,0.0,1.0,1.0,1.0,1.0,1.0,79900.0,0.2646,0.0,0.0,202,Longchamps,placard millenium 24,dormitorio,,Nuevo,bambu,melamina,mosconi,,,302000.00,0.00,1,0,,485,Longchamps,placard millenium 23,dormitorio,,Nuevo,green,melamina,mosconi,,,222100.00,0.00,3,0,
producto,0.9,0.95,1.0,1.0,1.0,0.0,1.0,1.0,1.0,1.0,1.0,107000.0,0.2616,0.0,0.0,202,Longchamps,placard millenium 24,dormitorio,,Nuevo,bambu,melamina,mosconi,,,302000.00,0.00,1,0,,488,Longchamps,placard millenium 26,dormitorio,,Nuevo,green,melamina,mosconi,,,409000.00,0.00,1,0,
producto,0.9,0.95,1.0,1.0,1.0,0.0,1.0,1.0,1.0,1.0,1.0,186900.0,0.457,0.0,0.0,486,Longchamps,placard millenium 23,dormitorio,,Nuevo,bambu,melamina,mosconi,,,222100.00,0.00,2,0,,488,Longchamps,placard millenium 26,dormitorio,,Nuevo,green,melamina,mosconi,,,409000.00,0.00,1,0,
producto,0.9,0.95,1.0,1.0,1.0,0.0,1.0,1.0,1.0,1.0,1.0,186900.0,0.457,0.0,0.0,491,Longchamps,placard millenium 26,dormitorio,,Nuevo,bambu,melamina,mosconi,,,409000.00,0.00,1,0,,485,Longchamps,placard millenium 23,dormitorio,,Nuevo,green,melamina,mosconi,,,222100.00,0.00,3,0,
producto,0.9,0.95,1.0,1.0,1.0,0.0,1.0,1.0,1.0,1.0,1.0,79900.0,0.2646,0.0,0.0,485,Longchamps,placard millenium 23,dormitorio,,Nuevo,green,melamina,mosconi,,,222100.00,0.00,3,0,,201,Longchamps,placard millenium 24,dormitorio,,Nuevo,tiza,melamina,mosconi,,,302000.00,0.00,1,0,
producto,0.9,0.95,1.0,1.0,1.0,0.0,1.0,1.0,1.0,1.0,1.0,64100.0,0.2886,0.0,0.0,485,Longchamps,placard millenium 23,dormitorio,,Nuevo,green,melamina,mosconi,,,222100.00,0.00,3,0,,492,Longchamps,placard millenium 22,dormitorio,,Nuevo,tissa,melamina,mosconi,,,158000.00,0.00,1,0,
producto,0.9,0.95,1.0,1.0,1.0,0.0,1.0,1.0,1.0,1.0,1.0,107000.0,0.2616,0.0,0.0,488,Longchamps,placard millenium 26,dormitorio,,Nuevo,green,melamina,mosconi,,,409000.00,0.00,1,0,,201,Longchamps,placard millenium 24,dormitorio,,Nuevo,tiza,melamina,mosconi,,,302000.00,0.00,1,0,
producto,0.9,0.95,1.0,1.0,1.0,0.0,1.0,1.0,1.0,1.0,1.0,251000.0,0.6137,0.0,0.0,488,Longchamps,placard millenium 26,dormitorio,,Nuevo,green,melamina,mosconi,,,409000.00,0.00,1,0,,492,Longchamps,placard millenium 22,dormitorio,,Nuevo,tissa,melamina,mosconi,,,158000.00,0.00,1,0,
producto,0.9,0.95,1.0,1.0,1.0,0.0,1.0,1.0,1.0,1.0,1.0,107000.0,0.2616,0.0,0.0,201,Longchamps,placard millenium 24,dormitorio,,Nuevo,tiza,melamina,mosconi,,,302000.00,0.00,1,0,,490,Longchamps,placard millenium 26,dormitorio,,Nuevo,wengue,melamina,mosconi,,,409000.00,0.00,1,0,
producto,0.9,0.95,1.0,1.0,1.0,0.0,1.0,1.0,1.0,1.0,1.0,251000.0,0.6137,0.0,0.0,490,Longchamps,placard millenium 26,dormitorio,,Nuevo,wengue,melamina,mosconi,,,409000.00,0.00,1,0,,492,Longchamps,placard millenium 22,dormitorio,,Nuevo,tissa,melamina,mosconi,,,158000.00,0.00,1,0,
producto,0.8999,0.9565,1.0,0.6154,1.0,0.3636,1.0,1.0,1.0,1.0,1.0,123800.0,0.4099,0.0,0.0,441,Vidriera,placard dakar 4 puertas,dormitorio,113x181,Nuevo,blanco,melamina,mosconi,,,302000.00,0.00,1,0,,442,Vidriera,placard dakar 2 puertas,dormitorio,57x181,Nuevo,bambu,melamina,mosconi,,,178200.00,0.00,1,0,
producto,0.8999,0.9565,1.0,0.6154,1.0,0.3636,1.0,1.0,1.0,1.0,1.0,54000.0,0.1788,0.0,0.0,441,Vidriera,placard dakar 4 puertas,dormitorio,113x181,Nuevo,blanco,melamina,mosconi,,,302000.00,0.00,1,0,,443,Vidriera,placard dakar 3 puertas,dormitorio,85x181,Nuevo,bambu,melamina,mosconi,,,248000.00,0.00,1,0,
producto,0.8993,0.9474,1.0,1.0,1.0,1.0,0.0,1.0,1.0,1.0,1.0,14000.0,0.0579,0.0,0.0,87,Estacion,tobogan 5 escalones,infantil,,Nuevo,amarillo,,,,,242000.00,0.00,1,0,,876,Longchamps,tobogan 4 escalones,infantil,,Nuevo,amarillo,plastico,,,,228000.00,0.00,1,0,
producto,0.8993,0.9474,1.0,1.0,1.0,1.0,0.0,1.0,1.0,1.0,1.0,118000.0,0.5175,0.0,0.0,86,Estacion,tobogan 4 escalones,infantil,,Nuevo,rosa,,,,,228000.00,0.00,1,0,,382,Vidriera,tobogan 2 escalones,infantil,,Nuevo,rosa,plastico,,,,110000.00,0.00,1,0,
producto,0.8993,0.9474,1.0,1.0,1.0,0.0,1.0,1.0,1.0,1.0,1.0,14000.0,0.0579,0.0,0.0,875,Longchamps,tobogan 5 escalones,infantil,,Nuevo,verde,plastico,,,,242000.00,0.00,1,0,,877,Longchamps,tobogan 4 escalones,infantil,,Nuevo,azul,plastico,,,,228000.00,0.00,1,0,
producto,0.8987,1.0,1.0,0.8,1.0,0.8,0.2353,1.0,1.0,1.0,1.0,5000.0,0.0391,0.0,0.0,63,Estacion,mesada,cocina,"1,20m",Nuevo,negro,granitex,,,,123000.00,0.00,1,0,,430,Longchamps,mesada,cocina,"1,40m",Nuevo,negra,marmolada,.,,,128000.00,0.00,1,0,
producto,0.8987,1.0,1.0,0.8,1.0,0.8,0.2353,1.0,1.0,1.0,1.0,5000.0,0.0391,0.0,0.0,431,Longchamps,mesada,cocina,"1,20m",Nuevo,negro,granitex,,,,123000.00,0.00,5,0,,430,Longchamps,mesada,cocina,"1,40m",Nuevo,negra,marmolada,.,,,128000.00,0.00,1,0,
producto,0.8962,1.0,1.0,0.5714,1.0,1.0,0.2353,1.0,1.0,1.0,1.0,55000.0,0.3374,0.0,0.0,429,Longchamps,mesada,cocina,"1,60m",Nuevo,.,granitex,.,,,163000.00,0.00,1,0,,432,Longchamps,mesada,cocina,1m,Nuevo,,marmolada,,,,108000.00,0.00,2,0,
producto,0.8957,0.9333,1.0,1.0,1.0,1.0,0.0,1.0,1.0,1.0,1.0,3000.0,0.0101,0.0,0.0,251,Longchamps,termotanque 55l,electrodomesticos,,Nuevo,,electrico,escorial,,,297000.00,0.00,1,0,,269,Vidriera,termotanque 45l,electrodomesticos,,Nuevo,,gas,escorial,,,294000.00,0.00,3,0,
producto,0.8957,0.9333,1.0,1.0,1.0,1.0,0.0,1.0,1.0,1.0,1.0,3000.0,0.0101,0.0,0.0,251,Longchamps,termotanque 55l,electrodomesticos,,Nuevo,,electrico,escorial,,,297000.00,0.00,1,0,,55,Estacion,termotanque 45l,electrodomesticos,,Nuevo,,gas,escorial,,,294000.00,0.00,1,0,
producto,0.8957,0.9333,1.0,1.0,1.0,1.0,0.0,1.0,1.0,1.0,1.0,10000.0,0.0303,0.0,0.0,250,Longchamps,termotanque 90l,electrodomesticos,,Nuevo,,electrico,escorial,,,320000.00,0.00,1,0,,271,Vidriera,termotanque 80l,electrodomesticos,,Nuevo,,gas,escorial,,,330000.00,0.00,2,0,
producto,0.8957,0.9333,1.0,1.0,1.0,1.0,0.0,1.0,1.0,1.0,1.0,3000.0,0.0101,0.0,0.0,269,Vidriera,termotanque 45l,electrodomesticos,,Nuevo,,gas,escorial,,,294000.00,0.00,3,0,,54,Estacion,termotanque 55l,electrodomesticos,,Nuevo,,electrico,escorial,,,297000.00,0.00,1,0,
producto,0.8957,0.9333,1.0,1.0,1.0,1.0,0.0,1.0,1.0,1.0,1.0,3000.0,0.0101,0.0,0.0,269,Vidriera,termotanque 45l,electrodomesticos,,Nuevo,,gas,escorial,,,294000.00,0.00,3,0,,270,Vidriera,termotanque 55l,electrodomesticos,,Nuevo,,electrico,escorial,,,297000.00,0.00,1,0,
producto,0.8957,0.9333,1.0,1.0,1.0,1.0,0.0,1.0,1.0,1.0,1.0,3000.0,0.0101,0.0,0.0,54,Estacion,termotanque 55l,electrodomesticos,,Nuevo,,electrico,escorial,,,297000.00,0.00,1,0,,55,Estacion,termotanque 45l,electrodomesticos,,Nuevo,,gas,escorial,,,294000.00,0.00,1,0,
producto,0.8957,0.9333,1.0,1.0,1.0,1.0,0.0,1.0,1.0,1.0,1.0,3000.0,0.0101,0.0,0.0,270,Vidriera,termotanque 55l,electrodomesticos,,Nuevo,,electrico,escorial,,,297000.00,0.00,1,0,,55,Estacion,termotanque 45l,electrodomesticos,,Nuevo,,gas,escorial,,,294000.00,0.00,1,0,
producto,0.8957,0.9333,1.0,1.0,1.0,1.0,0.0,1.0,1.0,1.0,1.0,10000.0,0.0303,0.0,0.0,272,Vidriera,termotanque 90l,electrodomesticos,,Nuevo,,electrico,escorial,,,320000.00,0.00,1,0,,271,Vidriera,termotanque 80l,electrodomesticos,,Nuevo,,gas,escorial,,,330000.00,0.00,2,0,
producto,0.8957,1.0,1.0,0.8,1.0,1.0,1.0,0.0,1.0,1.0,1.0,12800.0,0.1552,45000.0,1.0,14,Estacion,alacena,cocina,"1,20m",Nuevo,,pino,pinitos,,,69700.00,45000.00,2,0,,279,Longchamps,alacena,cocina,"1,40m",Nuevo,,pino,,,,82500.00,0.00,2,0,
producto,0.8957,1.0,1.0,0.8,1.0,1.0,1.0,0.0,1.0,1.0,1.0,25500.0,0.2679,45000.0,1.0,14,Estacion,alacena,cocina,"1,20m",Nuevo,,pino,pinitos,,,69700.00,45000.00,2,0,,280,Longchamps,alacena,cocina,"1,60m",Nuevo,,pino,,,,95200.00,0.00,1,0,
producto,0.8957,1.0,1.0,0.8,1.0,1.0,1.0,0.0,1.0,1.0,1.0,12800.0,0.1552,45000.0,1.0,278,Longchamps,alacena,cocina,"1,20m",Nuevo,,pino,pinitos,,,69700.00,45000.00,2,0,,279,Longchamps,alacena,cocina,"1,40m",Nuevo,,pino,,,,82500.00,0.00,2,0,
producto,0.8957,1.0,1.0,0.8,1.0,1.0,1.0,0.0,1.0,1.0,1.0,25500.0,0.2679,45000.0,1.0,278,Longchamps,alacena,cocina,"1,20m",Nuevo,,pino,pinitos,,,69700.00,45000.00,2,0,,280,Longchamps,alacena,cocina,"1,60m",Nuevo,,pino,,,,95200.00,0.00,1,0,
producto,0.8957,1.0,1.0,0.8,1.0,1.0,1.0,0.0,1.0,1.0,1.0,12800.0,0.1552,45000.0,1.0,370,Vidriera,alacena,cocina,"1,20m",Nuevo,,pino,pinitos,,,69700.00,45000.00,1,0,,279,Longchamps,alacena,cocina,"1,40m",Nuevo,,pino,,,,82500.00,0.00,2,0,
producto,0.8957,1.0,1.0,0.8,1.0,1.0,1.0,0.0,1.0,1.0,1.0,25500.0,0.2679,45000.0,1.0,370,Vidriera,alacena,cocina,"1,20m",Nuevo,,pino,pinitos,,,69700.00,45000.00,1,0,,280,Longchamps,alacena,cocina,"1,60m",Nuevo,,pino,,,,95200.00,0.00,1,0,
producto,0.8957,1.0,1.0,0.8,1.0,1.0,1.0,0.0,1.0,1.0,1.0,6800.0,0.0588,0.0,0.0,13,Estacion,bajo mesada,cocina,"1,20m",Nuevo,,pino,pinitos,,,108800.00,0.00,2,0,,262,Longchamps,bajo mesada,cocina,"1,40m",Nuevo,,pino,,,,115600.00,0.00,1,0,
producto,0.8957,1.0,1.0,0.8,1.0,1.0,1.0,0.0,1.0,1.0,1.0,20400.0,0.1579,0.0,0.0,13,Estacion,bajo mesada,cocina,"1,20m",Nuevo,,pino,pinitos,,,108800.00,0.00,2,0,,263,Longchamps,bajo mesada,cocina,"1,60m",Nuevo,,pino,,,,129200.00,0.00,1,0,
producto,0.8957,1.0,1.0,0.8,1.0,1.0,1.0,0.0,1.0,1.0,1.0,32300.0,0.2289,0.0,0.0,13,Estacion,bajo mesada,cocina,"1,20m",Nuevo,,pino,pinitos,,,108800.00,0.00,2,0,,264,Longchamps,bajo mesada,cocina,"1,80m",Nuevo,,pino,,,,141100.00,0.00,1,0,
producto,0.8957,1.0,1.0,0.8,1.0,1.0,1.0,0.0,1.0,1.0,1.0,6800.0,0.0588,0.0,0.0,262,Longchamps,bajo mesada,cocina,"1,40m",Nuevo,,pino,,,,115600.00,0.00,1,0,,261,Longchamps,bajo mesada,cocina,"1,20m",Nuevo,,pino,pinitos,,,108800.00,0.00,3,0,
producto,0.8957,1.0,1.0,0.8,1.0,1.0,1.0,0.0,1.0,1.0,1.0,6800.0,0.0588,0.0,0.0,262,Longchamps,bajo mesada,cocina,"1,40m",Nuevo,,pino,,,,115600.00,0.00,1,0,,369,Vidriera,bajo mesada,cocina,"1,20m",Nuevo,,pino,pinitos,,,108800.00,0.00,1,0,
producto,0.8957,1.0,1.0,0.8,1.0,1.0,1.0,0.0,1.0,1.0,1.0,20400.0,0.1579,0.0,0.0,263,Longchamps,bajo mesada,cocina,"1,60m",Nuevo,,pino,,,,129200.00,0.00,1,0,,261,Longchamps,bajo mesada,cocina,"1,20m",Nuevo,,pino,pinitos,,,108800.00,0.00,3,0,
producto,0.8957,1.0,1.0,0.8,1.0,1.0,1.0,0.0,1.0,1.0,1.0,20400.0,0.1579,0.0,0.0,263,Longchamps,bajo mesada,cocina,"1,60m",Nuevo,,pino,,,,129200.00,0.00,1,0,,369,Vidriera,bajo mesada,cocina,"1,20m",Nuevo,,pino,pinitos,,,108800.00,0.00,1,0,
producto,0.8957,1.0,1.0,0.8,1.0,1.0,1.0,0.0,1.0,1.0,1.0,32300.0,0.2289,0.0,0.0,264,Longchamps,bajo mesada,cocina,"1,80m",Nuevo,,pino,,,,141100.00,0.00,1,0,,261,Longchamps,bajo mesada,cocina,"1,20m",Nuevo,,pino,pinitos,,,108800.00,0.00,3,0,
producto,0.8957,1.0,1.0,0.8,1.0,1.0,1.0,0.0,1.0,1.0,1.0,32300.0,0.2289,0.0,0.0,264,Longchamps,bajo mesada,cocina,"1,80m",Nuevo,,pino,,,,141100.00,0.00,1,0,,369,Vidriera,bajo mesada,cocina,"1,20m",Nuevo,,pino,pinitos,,,108800.00,0.00,1,0,
producto,0.8957,1.0,1.0,0.8,1.0,1.0,0.0,1.0,1.0,1.0,1.0,5000.0,0.1111,0.0,0.0,339,Vidriera,respaldo con boton,dormitorio,11/2plaza,Nuevo,negro,pana,pelado,,,45000.00,0.00,1,0,,340,Vidriera,respaldo con boton,dormitorio,1plaza,Nuevo,negro,cuero,pelado,,,40000.00,0.00,1,0,
producto,0.8957,1.0,1.0,0.8,1.0,1.0,1.0,0.0,1.0,1.0,1.0,35000.0,0.4375,0.0,0.0,565,Estacion,respaldo,dormitorio,1/2plaza,Nuevo,negro,pana,cañete,,,45000.00,0.00,1,0,,697,Longchamps,respaldo,dormitorio,2 1/2 plazas,Nuevo,negro,pana,,,,80000.00,0.00,2,0,
producto,0.8957,1.0,1.0,0.8,1.0,0.0,1.0,1.0,1.0,1.0,1.0,40000.0,0.2454,0.0,0.0,63,Estacion,mesada,cocina,"1,20m",Nuevo,negro,granitex,,,,123000.00,0.00,1,0,,429,Longchamps,mesada,cocina,"1,60m",Nuevo,.,granitex,.,,,163000.00,0.00,1,0,
producto,0.8957,1.0,1.0,0.8,1.0,0.0,1.0,1.0,1.0,1.0,1.0,16000.0,0.1151,0.0,0.0,63,Estacion,mesada,cocina,"1,20m",Nuevo,negro,granitex,,,,123000.00,0.00,1,0,,428,Longchamps,mesada,cocina,"1,40m",Nuevo,.,granitex,.,,,139000.00,0.00,1,0,
producto,0.8957,1.0,1.0,0.8,1.0,0.0,1.0,1.0,1.0,1.0,1.0,40000.0,0.2454,0.0,0.0,431,Longchamps,mesada,cocina,"1,20m",Nuevo,negro,granitex,,,,123000.00,0.00,5,0,,429,Longchamps,mesada,cocina,"1,60m",Nuevo,.,granitex,.,,,163000.00,0.00,1,0,
producto,0.8957,1.0,1.0,0.8,1.0,0.0,1.0,1.0,1.0,1.0,1.0,16000.0,0.1151,0.0,0.0,431,Longchamps,mesada,cocina,"1,20m",Nuevo,negro,granitex,,,,123000.00,0.00,5,0,,428,Longchamps,mesada,cocina,"1,40m",Nuevo,.,granitex,.,,,139000.00,0.00,1,0,
producto,0.8947,0.973,1.0,0.8696,1.0,1.0,1.0,0.0,1.0,1.0,1.0,28000.0,0.2456,0.0,0.0,230,Vidriera,colchon eco 17alto,dormitorio,1 1/2 plaza,Nuevo,,espuma,,,,86000.00,0.00,1,0,,739,Longchamps,colchon eco 17 alto,dormitorio,2 1/2 plazas,Nuevo,,espuma,taurus,,,114000.00,0.00,1,0,
producto,0.8937,1.0,1.0,0.4444,1.0,1.0,1.0,0.3333,1.0,1.0,1.0,12000.0,0.2963,0.0,0.0,180,Longchamps,quesera,cocina,"1,20m",Nuevo,,pino,quesera,,,40500.00,0.00,1,0,,326,Vidriera,quesera,cocina,40cm,Nuevo,,pino,ramon,,,28500.00,0.00,1,0,
producto,0.8937,1.0,1.0,0.4444,1.0,1.0,1.0,0.3333,1.0,1.0,1.0,12000.0,0.2963,0.0,0.0,181,Longchamps,quesera,cocina,40cm,Nuevo,,pino,quesera,,,28500.00,0.00,8,0,,328,Vidriera,quesera,cocina,"1,20m",Nuevo,,pino,ramon,,,40500.00,0.00,1,0,
producto,0.8937,1.0,1.0,0.4444,1.0,1.0,1.0,0.3333,1.0,1.0,1.0,9000.0,0.2222,0.0,0.0,182,Longchamps,quesera,cocina,60cm,Nuevo,,pino,quesera,,,31500.00,0.00,5,0,,328,Vidriera,quesera,cocina,"1,20m",Nuevo,,pino,ramon,,,40500.00,0.00,1,0,
producto,0.8937,1.0,1.0,0.7778,1.0,1.0,1.0,0.0,1.0,1.0,1.0,17000.0,0.1977,0.0,0.0,68,Estacion,colchon eco 17alto,dormitorio,1 plaza,Nuevo,,espuma,taurus,,,69000.00,0.00,1,0,,230,Vidriera,colchon eco 17alto,dormitorio,1 1/2 plaza,Nuevo,,espuma,,,,86000.00,0.00,1,0,
producto,0.8937,1.0,1.0,0.7778,1.0,1.0,1.0,0.0,1.0,1.0,1.0,17000.0,0.1977,0.0,0.0,206,Vidriera,colchon eco 17alto,dormitorio,1 plaza,Nuevo,,espuma,taurus,,,69000.00,0.00,1,0,,230,Vidriera,colchon eco 17alto,dormitorio,1 1/2 plaza,Nuevo,,espuma,,,,86000.00,0.00,1,0,
producto,0.8937,1.0,1.0,0.7778,1.0,1.0,1.0,0.0,1.0,1.0,1.0,28000.0,0.1026,0.0,0.0,100,Longchamps,colchon palace con pillow,dormitorio,1 plaza,Nuevo,,resorte,taurus,,,245000.00,0.00,1,0,,108,Longchamps,colchon palace con pillow,dormitorio,1 1/2 plaza,Nuevo,,resorte,,,,273000.00,0.00,1,0,
producto,0.8937,1.0,1.0,0.7778,1.0,1.0,1.0,0.0,1.0,1.0,1.0,28000.0,0.1026,0.0,0.0,70,Estacion,colchon palace con pillow,dormitorio,1 plaza,Nuevo,,resorte,taurus,,,245000.00,0.00,1,0,,108,Longchamps,colchon palace con pillow,dormitorio,1 1/2 plaza,Nuevo,,resorte,,,,273000.00,0.00,1,0,
producto,0.8937,1.0,1.0,0.7778,1.0,1.0,1.0,0.0,1.0,1.0,1.0,19000.0,0.1387,0.0,0.0,73,Estacion,colchon extra 18alto,dormitorio,1 plaza,Nuevo,,espuma,taurus,,,118000.00,0.00,2,0,,106,Longchamps,colchon extra 18alto,dormitorio,1 1/2 plaza,Nuevo,,espuma,,,,137000.00,0.00,4,0,
producto,0.8937,1.0,1.0,0.7778,1.0,1.0,1.0,0.0,1.0,1.0,1.0,19000.0,0.1387,0.0,0.0,99,Longchamps,colchon extra 18alto,dormitorio,1 plaza,Nuevo,,espuma,taurus,,,118000.00,0.00,2,0,,106,Longchamps,colchon extra 18alto,dormitorio,1 1/2 plaza,Nuevo,,espuma,,,,137000.00,0.00,4,0,
producto,0.8937,1.0,1.0,0.7778,1.0,1.0,1.0,0.0,1.0,1.0,1.0,19000.0,0.1387,0.0,0.0,210,Vidriera,colchon extra 18alto,dormitorio,1 plaza,Nuevo,,espuma,taurus,,,118000.00,0.00,2,0,,106,Longchamps,colchon extra 18alto,dormitorio,1 1/2 plaza,Nuevo,,espuma,,,,137000.00,0.00,4,0,
producto,0.8936,1.0,1.0,0.8889,1.0,0.3158,1.0,0.5714,1.0,1.0,1.0,123000.0,0.5104,0.0,0.0,735,Longchamps,bicicleta niño,infantil,"rodado 12""",Nuevo,roja y amarilla,,aventura,,,118000.00,0.00,1,0,,515,Vidriera,bicicleta niño,infantil,"Rodado 16""",Nuevo,rojo,,futura,,,241000.00,0.00,1,0,
producto,0.893,1.0,1.0,0.7692,1.0,1.0,0.0,1.0,1.0,1.0,1.0,20000.0,0.3333,0.0,0.0,337,Vidriera,respaldo con boton,dormitorio,2plazas,Nuevo,negro,pana,pelado,,,60000.00,0.00,2,0,,340,Vidriera,respaldo con boton,dormitorio,1plaza,Nuevo,negro,cuero,pelado,,,40000.00,0.00,1,0,
producto,0.8923,1.0,1.0,1.0,1.0,0.1905,1.0,0.5714,1.0,1.0,1.0,300.0,0.0081,0.0,0.0,1,Estacion,silla kila,comedor,,Nuevo,negro,caño,seba maña,,,36700.00,0.00,6,0,,681,Longchamps,silla kila,comedor,,Nuevo,6 maiz y 6 rojas,caño,mania,,,37000.00,0.00,12,0,
producto,0.8922,0.92,1.0,1.0,1.0,1.0,1.0,0.0,1.0,1.0,1.0,28000.0,0.1026,0.0,0.0,108,Longchamps,colchon palace con pillow,dormitorio,1 1/2 plaza,Nuevo,,resorte,,,,273000.00,0.00,1,0,,107,Longchamps,colchon palace sin pillow,dormitorio,1 1/2 plaza,Nuevo,,resorte,taurus,,,245000.00,0.00,1,0,
producto,0.8922,0.92,1.0,1.0,1.0,1.0,1.0,0.0,1.0,1.0,1.0,28000.0,0.1026,0.0,0.0,108,Longchamps,colchon palace con pillow,dormitorio,1 1/2 plaza,Nuevo,,resorte,,,,273000.00,0.00,1,0,,224,Vidriera,colchon palace sin pillow,dormitorio,1 1/2 plaza,Nuevo,,resorte,taurus,,,245000.00,0.00,1,0,
producto,0.8913,1.0,1.0,1.0,1.0,0.0,1.0,0.75,1.0,1.0,1.0,0.0,0.0,0.0,0.0,811,Longchamps,desmalezadora,herramientas,,Nuevo,naranja,,kld,,,160000.00,0.00,1,0,,620,Estacion,desmalezadora,herramientas,,Nuevo,,,k.l.d,,,160000.00,0.00,1,0,
producto,0.8913,1.0,1.0,1.0,1.0,0.0,1.0,0.75,1.0,1.0,1.0,0.0,0.0,0.0,0.0,426,Vidriera,desmalezadora,herramientas,,Nuevo,naranja,,kld,,,160000.00,0.00,1,0,,620,Estacion,desmalezadora,herramientas,,Nuevo,,,k.l.d,,,160000.00,0.00,1,0,
producto,0.8913,1.0,1.0,0.75,1.0,1.0,1.0,0.0,1.0,1.0,1.0,0.0,0.0,0.0,0.0,92,Estacion,porta micro alto,cocina,60cm,Nuevo,,pino,,,,98000.00,0.00,1,0,,380,Vidriera,porta micro alto,cocina,80cm,Nuevo,,pino,pinito,,,98000.00,0.00,1,0,
producto,0.8913,1.0,1.0,1.0,1.0,0.0,1.0,1.0,0.75,1.0,1.0,20000.0,0.2,0.0,0.0,709,Estacion,secador de pelo,cuidado personal,,Nuevo,,,remington,D18A,,80000.00,0.00,2,0,,710,Estacion,secador de pelo,cuidado personal,,Nuevo,negro,,remington,D31A,,100000.00,0.00,2,0,
combo,0.8903,1.0,1.0,0.6316,1.0,1.0,0.0,1.0,1.0,1.0,0.9438,166000.0,0.3074,0.0,0.0,630,Vidriera,conjunto colchon equis,conjuntos,1 plaza,Nuevo,,resosrte,taurus,,,374000.00,0.00,0,1,"box|box|1 plaza|nuevo|negro|taurus:1,colchon equis|colchones|1 plaza|nuevo||taurus:1",619,Longchamps,conjunto colchon equis,conjuntos,2 plazas 1/2,Nuevo,,,taurus,,,540000.00,0.00,0,1,"box|box|2 1 2 plazas|nuevo|negro|taurus:1,colchon equis|colchones|2 1 2 plazas|nuevo||taurus:1"
combo,0.8903,1.0,1.0,0.6316,1.0,1.0,0.0,1.0,1.0,1.0,0.9438,166000.0,0.3074,0.0,0.0,631,Longchamps,conjunto colchon equis,conjuntos,1 plaza,Nuevo,,resosrte,taurus,,,374000.00,0.00,0,1,"box|box|1 plaza|nuevo|negro|taurus:1,colchon equis|colchones|1 plaza|nuevo||taurus:1",619,Longchamps,conjunto colchon equis,conjuntos,2 plazas 1/2,Nuevo,,,taurus,,,540000.00,0.00,0,1,"box|box|2 1 2 plazas|nuevo|negro|taurus:1,colchon equis|colchones|2 1 2 plazas|nuevo||taurus:1"
producto,0.8902,1.0,1.0,0.7368,1.0,1.0,0.0,1.0,1.0,1.0,1.0,135000.0,0.3418,0.0,0.0,104,Longchamps,colchon equis,dormitorio,1 plaza,Nuevo,,resorte,taurus,,,260000.00,0.00,4,0,,159,Longchamps,colchon equis,dormitorio,2 1/2 plazas,Nuevo,,,taurus,,,395000.00,0.00,2,0,
producto,0.8902,1.0,1.0,0.7368,1.0,1.0,0.0,1.0,1.0,1.0,1.0,135000.0,0.3418,0.0,0.0,215,Vidriera,colchon equis,dormitorio,1 plaza,Nuevo,,resorte,taurus,,,260000.00,0.00,1,0,,159,Longchamps,colchon equis,dormitorio,2 1/2 plazas,Nuevo,,,taurus,,,395000.00,0.00,2,0,
producto,0.8889,1.0,1.0,0.8889,1.0,0.3333,0.5,1.0,1.0,1.0,1.0,14000.0,0.0468,0.0,0.0,153,Estacion,bicicleta,deportes,"Rodado 16""",Nuevo,naranja y azul,aluminio,futura,,,299000.00,0.00,1,0,,154,Estacion,bicicleta,deportes,"Rodado 26""",Nuevo,roja,caño,futura,,,285000.00,0.00,1,0,
producto,0.8878,0.9032,1.0,1.0,1.0,1.0,0.0,1.0,1.0,1.0,1.0,221000.0,0.4085,0.0,0.0,250,Longchamps,termotanque 90l,electrodomesticos,,Nuevo,,electrico,escorial,,,320000.00,0.00,1,0,,273,Vidriera,termotanque 120l,electrodomesticos,,Nuevo,,gas,escorial,,,541000.00,0.00,1,0,
producto,0.8878,0.9032,1.0,1.0,1.0,1.0,0.0,1.0,1.0,1.0,1.0,221000.0,0.4085,0.0,0.0,272,Vidriera,termotanque 90l,electrodomesticos,,Nuevo,,electrico,escorial,,,320000.00,0.00,1,0,,273,Vidriera,termotanque 120l,electrodomesticos,,Nuevo,,gas,escorial,,,541000.00,0.00,1,0,
producto,0.886,1.0,1.0,0.5714,1.0,1.0,0.1176,1.0,1.0,1.0,1.0,31000.0,0.223,0.0,0.0,432,Longchamps,mesada,cocina,1m,Nuevo,,marmolada,,,,108000.00,0.00,2,0,,428,Longchamps,mesada,cocina,"1,40m",Nuevo,.,granitex,.,,,139000.00,0.00,1,0,
combo,0.8847,1.0,1.0,0.5556,1.0,1.0,0.0,1.0,1.0,1.0,0.9438,166000.0,0.3074,0.0,0.0,613,Longchamps,conjunto colchon equis,conjuntos,1plaza,Nuevo,,resorte,taurus,,,374000.00,0.00,0,1,"box|box|1 plaza|nuevo|negro|taurus:1,colchon equis|colchones|1 plaza|nuevo||taurus:1",619,Longchamps,conjunto colchon equis,conjuntos,2 plazas 1/2,Nuevo,,,taurus,,,540000.00,0.00,0,1,"box|box|2 1 2 plazas|nuevo|negro|taurus:1,colchon equis|colchones|2 1 2 plazas|nuevo||taurus:1"
combo,0.8847,1.0,1.0,0.5556,1.0,1.0,0.0,1.0,1.0,1.0,0.9438,166000.0,0.3074,0.0,0.0,614,Vidriera,conjunto colchon equis,conjuntos,1plaza,Nuevo,,resorte,taurus,,,374000.00,0.00,0,1,"box|box|1 plaza|nuevo|negro|taurus:1,colchon equis|colchones|1 plaza|nuevo||taurus:1",619,Longchamps,conjunto colchon equis,conjuntos,2 plazas 1/2,Nuevo,,,taurus,,,540000.00,0.00,0,1,"box|box|2 1 2 plazas|nuevo|negro|taurus:1,colchon equis|colchones|2 1 2 plazas|nuevo||taurus:1"
producto,0.8841,1.0,1.0,0.3333,1.0,1.0,1.0,0.3333,1.0,1.0,1.0,9000.0,0.24,0.0,0.0,181,Longchamps,quesera,cocina,40cm,Nuevo,,pino,quesera,,,28500.00,0.00,8,0,,327,Vidriera,quesera,cocina,1m,Nuevo,,pino,ramon,,,37500.00,0.00,0,0,
producto,0.8841,1.0,1.0,0.3333,1.0,1.0,1.0,0.3333,1.0,1.0,1.0,6000.0,0.16,0.0,0.0,182,Longchamps,quesera,cocina,60cm,Nuevo,,pino,quesera,,,31500.00,0.00,5,0,,327,Vidriera,quesera,cocina,1m,Nuevo,,pino,ramon,,,37500.00,0.00,0,0,
combo,0.882,1.0,1.0,1.0,1.0,1.0,1.0,0.0,1.0,1.0,0.7037,0.0,0.0,0.0,0.0,15,Estacion,combo bajo y alacena,cocina,"1,20m",Nuevo,,pino,,,,135000.00,0.00,0,1,"alacena pino|alacenas|1 20m|nuevo||pinitos:1,bajo mesada pino|bajo mesadas|1 20m|nuevo||pinitos:1",447,Longchamps,combo bajo y alacena,cocina,"1,20m",Nuevo,.,pino,pinitos,,,135000.00,0.00,0,1,"alacena|mueble|1 20m|nuevo||:1,bajo mesada|mueble|1 20m|nuevo||:1"
producto,0.8816,1.0,1.0,0.8889,1.0,0.75,1.0,0.0,1.0,1.0,1.0,195000.0,0.6842,0.0,0.0,154,Estacion,bicicleta,deportes,"Rodado 26""",Nuevo,roja,caño,futura,,,285000.00,0.00,1,0,,155,Estacion,bicicleta,deportes,"Rodado 12""",Nuevo,rojo,caño,,,,90000.00,0.00,1,0,
producto,0.8816,0.9565,1.0,0.6154,1.0,0.1538,1.0,1.0,1.0,1.0,1.0,54000.0,0.1788,0.0,0.0,441,Vidriera,placard dakar 4 puertas,dormitorio,113x181,Nuevo,blanco,melamina,mosconi,,,302000.00,0.00,1,0,,445,Vidriera,placard dakar 3 puertas,dormitorio,85x181,Nuevo,venezia,melamina,mosconi,,,248000.00,0.00,1,0,
producto,0.8808,0.92,1.0,0.8696,1.0,1.0,1.0,0.0,1.0,1.0,1.0,42000.0,0.1333,0.0,0.0,114,Longchamps,colchon palace sin pillow,dormitorio,2 1/2 plazas,Nuevo,,resorte,taurus,,,315000.00,0.00,1,0,,108,Longchamps,colchon palace con pillow,dormitorio,1 1/2 plaza,Nuevo,,resorte,,,,273000.00,0.00,1,0,
producto,0.8808,0.92,1.0,0.8696,1.0,1.0,1.0,0.0,1.0,1.0,1.0,42000.0,0.1333,0.0,0.0,108,Longchamps,colchon palace con pillow,dormitorio,1 1/2 plaza,Nuevo,,resorte,,,,273000.00,0.00,1,0,,234,Vidriera,colchon palace sin pillow,dormitorio,2 1/2 plazas,Nuevo,,resorte,taurus,,,315000.00,0.00,2,0,
